Order_ID,Order_Date,Customer_ID,Product,Category,Region,Quantity,Discount,Sales,Profit
ORD-00001,2025-04-13,CUST-0126,Wireless Headphones,Technology,North,2,0.05,244.44,47.05
ORD-00002,2025-04-17,CUST-0347,Office Chair,Furniture,North,5,0.0,1117.36,178.78
ORD-00003,2025-04-13,CUST-0017,Storage Box,Office Supplies,North,1,0.1,27.21,6.12
ORD-00004,2025-11-27,CUST-0259,Laptop Pro,Technology,North,1,0.0,1005.66,221.25
ORD-00005,2025-04-10,CUST-0333,Laptop Pro,Technology,East,5,0.2,3926.51,431.92
ORD-00006,2025-05-30,CUST-0302,Storage Box,Office Supplies,South,2,0.1,61.93,13.93
ORD-00007,2025-10-21,CUST-0389,Standing Desk,Furniture,West,1,0.0,398.62,63.78
ORD-00008,2025-10-04,CUST-0143,Smartphone,Technology,East,1,0.05,598.16,115.15
ORD-00009,2025-01-22,CUST-0053,Smartphone,Technology,North,2,0.05,1221.55,235.15
ORD-00010,2025-02-18,CUST-0434,Wireless Headphones,Technology,South,1,0.05,116.04,22.34
ORD-00011,2025-06-19,CUST-0374,Desk Lamp,Furniture,East,5,0.0,265.85,42.54
ORD-00012,2025-09-28,CUST-0041,Printer Ink,Office Supplies,East,3,0.1,189.24,42.58
ORD-00013,2025-02-20,CUST-0317,Storage Box,Office Supplies,North,2,0.2,51.32,8.72
ORD-00014,2025-11-16,CUST-0036,Desk Lamp,Furniture,East,1,0.2,40.81,2.04
ORD-00015,2025-11-03,CUST-0041,Laptop Pro,Technology,East,4,0.05,3419.69,658.29
ORD-00016,2025-06-16,CUST-0143,Office Chair,Furniture,West,1,0.1,212.22,22.28
ORD-00017,2025-11-12,CUST-0084,Printer Ink,Office Supplies,East,3,0.05,224.3,56.64
ORD-00018,2025-09-22,CUST-0137,Desk Lamp,Furniture,South,1,0.2,41.17,2.06
ORD-00019,2025-12-06,CUST-0274,Wireless Headphones,Technology,East,2,0.0,237.7,52.29
ORD-00020,2025-09-21,CUST-0139,Office Chair,Furniture,North,4,0.1,750.61,78.81
ORD-00021,2025-03-22,CUST-0432,Storage Box,Office Supplies,North,2,0.05,57.71,14.57
ORD-00022,2025-01-02,CUST-0413,Laptop Pro,Technology,North,3,0.0,2859.15,629.01
ORD-00023,2025-04-16,CUST-0109,Desk Lamp,Furniture,South,2,0.0,104.45,16.71
ORD-00024,2025-07-10,CUST-0203,Desk Lamp,Furniture,North,1,0.1,51.68,5.43
ORD-00025,2025-06-11,CUST-0127,Printer Ink,Office Supplies,North,1,0.0,79.74,22.33
ORD-00026,2025-09-27,CUST-0300,Storage Box,Office Supplies,East,4,0.2,109.31,18.58
ORD-00027,2025-08-03,CUST-0186,Notebook Set,Office Supplies,West,2,0.1,30.04,6.76
ORD-00028,2025-10-23,CUST-0261,Office Chair,Furniture,West,2,0.0,432.16,69.15
ORD-00029,2025-12-04,CUST-0441,Printer Ink,Office Supplies,North,4,0.0,315.78,88.42
ORD-00030,2025-08-05,CUST-0406,Wireless Headphones,Technology,North,2,0.0,244.11,53.7
ORD-00031,2025-02-10,CUST-0196,Notebook Set,Office Supplies,East,2,0.1,33.97,7.64
ORD-00032,2025-03-06,CUST-0441,Printer Ink,Office Supplies,East,1,0.15,68.72,13.57
ORD-00033,2025-12-10,CUST-0350,Laptop Pro,Technology,East,1,0.0,904.2,198.92
ORD-00034,2025-03-04,CUST-0175,Storage Box,Office Supplies,West,1,0.2,24.37,4.14
ORD-00035,2025-06-12,CUST-0233,Wireless Headphones,Technology,North,1,0.0,125.21,27.55
ORD-00036,2025-09-18,CUST-0135,Laptop Pro,Technology,West,1,0.2,742.79,81.71
ORD-00037,2025-02-10,CUST-0468,Storage Box,Office Supplies,West,2,0.15,57.56,11.37
ORD-00038,2025-11-24,CUST-0431,Wireless Headphones,Technology,West,2,0.05,221.83,42.7
ORD-00039,2025-02-17,CUST-0192,Storage Box,Office Supplies,East,4,0.0,124.13,34.76
ORD-00040,2025-08-04,CUST-0471,Smartphone,Technology,East,2,0.15,1145.59,157.52
ORD-00041,2025-12-26,CUST-0010,Laptop Pro,Technology,East,3,0.1,2723.91,449.45
ORD-00042,2025-08-15,CUST-0123,Wireless Headphones,Technology,West,2,0.05,245.21,47.2
ORD-00043,2025-05-11,CUST-0485,Laptop Pro,Technology,North,1,0.15,836.15,114.97
ORD-00044,2025-09-12,CUST-0418,Wireless Headphones,Technology,North,3,0.1,323.68,53.41
ORD-00045,2025-07-26,CUST-0393,Wireless Headphones,Technology,West,4,0.15,382.6,52.61
ORD-00046,2025-06-28,CUST-0485,Smartphone,Technology,North,4,0.1,2488.17,410.55
ORD-00047,2025-08-29,CUST-0447,Storage Box,Office Supplies,North,2,0.15,54.95,10.85
ORD-00048,2025-08-10,CUST-0387,Notebook Set,Office Supplies,West,2,0.15,29.37,5.8
ORD-00049,2025-08-25,CUST-0344,Office Chair,Furniture,East,4,0.1,824.38,86.56
ORD-00050,2025-02-05,CUST-0232,Desk Lamp,Furniture,South,2,0.15,87.17,6.76
ORD-00051,2025-07-06,CUST-0174,Wireless Headphones,Technology,North,1,0.0,113.5,24.97
ORD-00052,2025-03-07,CUST-0302,Laptop Pro,Technology,East,1,0.0,996.83,219.3
ORD-00053,2025-05-14,CUST-0324,Office Chair,Furniture,North,2,0.2,369.1,18.45
ORD-00054,2025-02-13,CUST-0441,Laptop Pro,Technology,North,2,0.0,2019.34,444.25
ORD-00055,2025-11-27,CUST-0143,Desk Lamp,Furniture,North,5,0.0,288.53,46.16
ORD-00056,2025-12-14,CUST-0371,Printer Ink,Office Supplies,North,1,0.0,72.82,20.39
ORD-00057,2025-08-13,CUST-0414,Printer Ink,Office Supplies,North,1,0.1,64.56,14.53
ORD-00058,2025-05-01,CUST-0338,Notebook Set,Office Supplies,North,2,0.0,35.15,9.84
ORD-00059,2025-09-16,CUST-0240,Notebook Set,Office Supplies,South,4,0.1,61.32,13.8
ORD-00060,2025-05-17,CUST-0051,Laptop Pro,Technology,East,3,0.2,2178.62,239.65
ORD-00061,2025-11-03,CUST-0410,Laptop Pro,Technology,South,1,0.05,879.05,169.22
ORD-00062,2025-11-11,CUST-0275,Wireless Headphones,Technology,North,3,0.0,343.8,75.64
ORD-00063,2025-08-21,CUST-0143,Printer Ink,Office Supplies,North,2,0.0,146.73,41.08
ORD-00064,2025-02-21,CUST-0227,Printer Ink,Office Supplies,North,2,0.0,144.04,40.33
ORD-00065,2025-04-23,CUST-0277,Storage Box,Office Supplies,North,2,0.2,49.44,8.4
ORD-00066,2025-03-22,CUST-0086,Laptop Pro,Technology,West,1,0.0,966.65,212.66
ORD-00067,2025-05-10,CUST-0443,Notebook Set,Office Supplies,South,2,0.0,33.42,9.36
ORD-00068,2025-08-12,CUST-0195,Notebook Set,Office Supplies,West,1,0.0,18.39,5.15
ORD-00069,2025-05-06,CUST-0475,Laptop Pro,Technology,West,1,0.05,906.97,174.59
ORD-00070,2025-08-06,CUST-0491,Printer Ink,Office Supplies,North,5,0.2,302.54,51.43
ORD-00071,2025-09-04,CUST-0080,Storage Box,Office Supplies,East,2,0.1,53.74,12.09
ORD-00072,2025-07-03,CUST-0297,Office Chair,Furniture,North,1,0.0,210.92,33.75
ORD-00073,2025-10-21,CUST-0030,Storage Box,Office Supplies,North,5,0.05,151.28,38.2
ORD-00074,2025-04-08,CUST-0471,Laptop Pro,Technology,East,3,0.15,2383.28,327.7
ORD-00075,2025-08-28,CUST-0042,Storage Box,Office Supplies,North,5,0.15,143.3,28.3
ORD-00076,2025-05-04,CUST-0346,Smartphone,Technology,North,1,0.0,617.4,135.83
ORD-00077,2025-12-15,CUST-0127,Office Chair,Furniture,South,1,0.15,189.72,14.7
ORD-00078,2025-12-12,CUST-0337,Laptop Pro,Technology,East,1,0.1,897.34,148.06
ORD-00079,2025-05-28,CUST-0105,Storage Box,Office Supplies,South,5,0.05,142.18,35.9
ORD-00080,2025-05-08,CUST-0068,Desk Lamp,Furniture,North,4,0.1,211.84,22.24
ORD-00081,2025-05-09,CUST-0005,Standing Desk,Furniture,South,1,0.0,409.32,65.49
ORD-00082,2025-05-31,CUST-0052,Printer Ink,Office Supplies,East,4,0.15,270.4,53.4
ORD-00083,2025-04-09,CUST-0136,Wireless Headphones,Technology,East,4,0.15,418.44,57.54
ORD-00084,2025-12-12,CUST-0451,Smartphone,Technology,West,5,0.0,3278.7,721.31
ORD-00085,2025-03-01,CUST-0225,Office Chair,Furniture,South,1,0.0,210.91,33.75
ORD-00086,2025-10-31,CUST-0414,Storage Box,Office Supplies,East,3,0.15,86.79,17.14
ORD-00087,2025-02-06,CUST-0154,Storage Box,Office Supplies,North,5,0.15,138.9,27.43
ORD-00088,2025-01-09,CUST-0136,Wireless Headphones,Technology,West,1,0.0,117.1,25.76
ORD-00089,2025-10-31,CUST-0284,Wireless Headphones,Technology,West,5,0.2,510.5,56.15
ORD-00090,2025-06-01,CUST-0108,Smartphone,Technology,North,3,0.15,1731.72,238.11
ORD-00091,2025-04-26,CUST-0437,Desk Lamp,Furniture,North,1,0.2,47.07,2.35
ORD-00092,2025-04-14,CUST-0464,Standing Desk,Furniture,South,2,0.05,808.3,107.1
ORD-00093,2025-04-22,CUST-0425,Laptop Pro,Technology,North,3,0.1,2745.63,453.03
ORD-00094,2025-06-02,CUST-0395,Standing Desk,Furniture,North,2,0.05,770.41,102.08
ORD-00095,2025-12-04,CUST-0083,Smartphone,Technology,East,1,0.05,636.46,122.52
ORD-00096,2025-07-27,CUST-0288,Printer Ink,Office Supplies,East,2,0.1,129.04,29.03
ORD-00097,2025-06-10,CUST-0463,Laptop Pro,Technology,North,2,0.2,1456.1,160.17
ORD-00098,2025-10-04,CUST-0299,Smartphone,Technology,East,5,0.05,3209.27,617.78
ORD-00099,2025-05-15,CUST-0022,Storage Box,Office Supplies,North,1,0.0,32.81,9.19
ORD-00100,2025-02-02,CUST-0461,Standing Desk,Furniture,South,5,0.0,1963.47,314.16
ORD-00101,2025-01-22,CUST-0342,Desk Lamp,Furniture,North,3,0.0,167.37,26.78
ORD-00102,2025-08-18,CUST-0453,Wireless Headphones,Technology,South,2,0.15,203.57,27.99
ORD-00103,2025-09-21,CUST-0080,Notebook Set,Office Supplies,West,1,0.2,14.25,2.42
ORD-00104,2025-10-04,CUST-0452,Office Chair,Furniture,West,3,0.0,675.32,108.05
ORD-00105,2025-11-13,CUST-0474,Notebook Set,Office Supplies,North,5,0.2,69.47,11.81
ORD-00106,2025-02-04,CUST-0411,Desk Lamp,Furniture,West,5,0.1,253.26,26.59
ORD-00107,2025-01-17,CUST-0056,Office Chair,Furniture,North,2,0.2,376.81,18.84
ORD-00108,2025-02-15,CUST-0114,Notebook Set,Office Supplies,West,2,0.1,34.39,7.74
ORD-00109,2025-08-21,CUST-0180,Office Chair,Furniture,West,2,0.1,423.14,44.43
ORD-00110,2025-10-29,CUST-0115,Standing Desk,Furniture,West,2,0.0,849.72,135.96
ORD-00111,2025-07-07,CUST-0169,Laptop Pro,Technology,East,1,0.1,796.91,131.49
ORD-00112,2025-09-10,CUST-0180,Standing Desk,Furniture,West,2,0.05,758.54,100.51
ORD-00113,2025-06-10,CUST-0170,Storage Box,Office Supplies,South,5,0.15,135.68,26.8
ORD-00114,2025-01-18,CUST-0092,Laptop Pro,Technology,North,1,0.05,887.29,170.8
ORD-00115,2025-02-23,CUST-0223,Standing Desk,Furniture,North,1,0.15,381.56,29.57
ORD-00116,2025-06-23,CUST-0224,Desk Lamp,Furniture,West,5,0.05,249.08,33.0
ORD-00117,2025-12-08,CUST-0098,Storage Box,Office Supplies,North,4,0.15,102.53,20.25
ORD-00118,2025-06-04,CUST-0001,Standing Desk,Furniture,North,1,0.1,400.82,42.09
ORD-00119,2025-09-30,CUST-0352,Storage Box,Office Supplies,West,5,0.15,140.29,27.71
ORD-00120,2025-10-26,CUST-0486,Office Chair,Furniture,South,3,0.0,645.16,103.23
ORD-00121,2025-06-19,CUST-0435,Desk Lamp,Furniture,East,4,0.2,173.74,8.69
ORD-00122,2025-11-02,CUST-0260,Wireless Headphones,Technology,East,1,0.05,116.03,22.34
ORD-00123,2025-11-12,CUST-0207,Standing Desk,Furniture,East,1,0.05,367.41,48.68
ORD-00124,2025-02-05,CUST-0216,Standing Desk,Furniture,East,2,0.0,798.91,127.83
ORD-00125,2025-09-21,CUST-0316,Notebook Set,Office Supplies,East,5,0.0,88.51,24.78
ORD-00126,2025-05-22,CUST-0156,Standing Desk,Furniture,South,2,0.0,891.96,142.71
ORD-00127,2025-05-23,CUST-0311,Standing Desk,Furniture,North,2,0.15,723.01,56.03
ORD-00128,2025-10-15,CUST-0346,Desk Lamp,Furniture,South,4,0.1,203.45,21.36
ORD-00129,2025-02-20,CUST-0087,Office Chair,Furniture,South,1,0.2,166.29,8.31
ORD-00130,2025-07-09,CUST-0325,Wireless Headphones,Technology,North,2,0.2,202.41,22.27
ORD-00131,2025-02-27,CUST-0345,Desk Lamp,Furniture,North,3,0.0,158.41,25.35
ORD-00132,2025-06-19,CUST-0076,Standing Desk,Furniture,North,3,0.0,1220.34,195.25
ORD-00133,2025-04-11,CUST-0313,Laptop Pro,Technology,North,1,0.1,899.85,148.48
ORD-00134,2025-03-01,CUST-0295,Wireless Headphones,Technology,South,2,0.2,206.29,22.69
ORD-00135,2025-04-13,CUST-0254,Office Chair,Furniture,East,2,0.1,417.67,43.86
ORD-00136,2025-12-16,CUST-0353,Notebook Set,Office Supplies,North,4,0.2,59.44,10.1
ORD-00137,2025-11-04,CUST-0399,Laptop Pro,Technology,West,5,0.0,5111.65,1124.56
ORD-00138,2025-05-04,CUST-0266,Notebook Set,Office Supplies,North,1,0.2,13.99,2.38
ORD-00139,2025-05-25,CUST-0470,Printer Ink,Office Supplies,North,5,0.0,361.25,101.15
ORD-00140,2025-04-02,CUST-0342,Wireless Headphones,Technology,South,1,0.1,100.72,16.62
ORD-00141,2025-08-17,CUST-0163,Storage Box,Office Supplies,West,1,0.15,29.21,5.77
ORD-00142,2025-10-06,CUST-0457,Printer Ink,Office Supplies,East,4,0.2,247.53,42.08
ORD-00143,2025-05-09,CUST-0229,Storage Box,Office Supplies,South,1,0.15,29.01,5.73
ORD-00144,2025-08-27,CUST-0231,Smartphone,Technology,West,1,0.1,560.64,92.51
ORD-00145,2025-04-28,CUST-0142,Standing Desk,Furniture,West,5,0.2,1594.75,79.74
ORD-00146,2025-08-25,CUST-0141,Storage Box,Office Supplies,South,2,0.0,65.42,18.32
ORD-00147,2025-07-08,CUST-0121,Printer Ink,Office Supplies,North,4,0.05,292.16,73.77
ORD-00148,2025-03-10,CUST-0042,Standing Desk,Furniture,South,3,0.15,1110.42,86.06
ORD-00149,2025-03-17,CUST-0356,Smartphone,Technology,North,1,0.1,571.52,94.3
ORD-00150,2025-03-27,CUST-0213,Smartphone,Technology,East,1,0.0,633.56,139.38
ORD-00151,2025-08-08,CUST-0213,Notebook Set,Office Supplies,South,2,0.1,30.3,6.82
ORD-00152,2025-04-04,CUST-0200,Laptop Pro,Technology,North,3,0.1,2761.79,455.7
ORD-00153,2025-07-23,CUST-0195,Laptop Pro,Technology,West,5,0.15,3777.7,519.43
ORD-00154,2025-12-07,CUST-0153,Printer Ink,Office Supplies,North,4,0.05,277.99,70.19
ORD-00155,2025-09-11,CUST-0276,Notebook Set,Office Supplies,West,3,0.1,49.76,11.2
ORD-00156,2025-09-07,CUST-0250,Storage Box,Office Supplies,West,1,0.0,34.3,9.6
ORD-00157,2025-04-10,CUST-0015,Office Chair,Furniture,North,1,0.1,190.43,20.0
ORD-00158,2025-09-07,CUST-0409,Notebook Set,Office Supplies,South,1,0.2,14.41,2.45
ORD-00159,2025-09-14,CUST-0471,Notebook Set,Office Supplies,West,5,0.1,83.06,18.69
ORD-00160,2025-01-04,CUST-0014,Smartphone,Technology,West,5,0.15,2572.69,353.74
ORD-00161,2025-09-04,CUST-0014,Notebook Set,Office Supplies,East,1,0.2,13.31,2.26
ORD-00162,2025-06-09,CUST-0444,Wireless Headphones,Technology,East,1,0.0,125.78,27.67
ORD-00163,2025-06-27,CUST-0195,Printer Ink,Office Supplies,North,1,0.05,72.88,18.4
ORD-00164,2025-06-28,CUST-0173,Desk Lamp,Furniture,North,1,0.05,55.94,7.41
ORD-00165,2025-11-19,CUST-0130,Notebook Set,Office Supplies,North,1,0.1,17.4,3.92
ORD-00166,2025-11-26,CUST-0277,Wireless Headphones,Technology,South,1,0.2,91.33,10.05
ORD-00167,2025-01-12,CUST-0115,Laptop Pro,Technology,West,4,0.05,3539.1,681.28
ORD-00168,2025-09-10,CUST-0021,Wireless Headphones,Technology,West,1,0.2,97.82,10.76
ORD-00169,2025-08-03,CUST-0430,Laptop Pro,Technology,West,1,0.0,973.67,214.21
ORD-00170,2025-04-03,CUST-0065,Laptop Pro,Technology,East,1,0.0,977.61,215.07
ORD-00171,2025-04-25,CUST-0486,Printer Ink,Office Supplies,East,1,0.15,63.71,12.58
ORD-00172,2025-11-10,CUST-0393,Office Chair,Furniture,South,2,0.05,407.86,54.04
ORD-00173,2025-03-16,CUST-0494,Desk Lamp,Furniture,North,2,0.15,86.61,6.71
ORD-00174,2025-08-05,CUST-0494,Wireless Headphones,Technology,West,2,0.0,257.96,56.75
ORD-00175,2025-06-13,CUST-0476,Standing Desk,Furniture,North,1,0.0,414.86,66.38
ORD-00176,2025-07-11,CUST-0204,Standing Desk,Furniture,East,1,0.1,407.67,42.81
ORD-00177,2025-02-05,CUST-0426,Office Chair,Furniture,North,1,0.2,168.96,8.45
ORD-00178,2025-04-06,CUST-0436,Office Chair,Furniture,North,5,0.05,1106.38,146.6
ORD-00179,2025-08-12,CUST-0401,Wireless Headphones,Technology,West,2,0.15,195.47,26.88
ORD-00180,2025-07-02,CUST-0339,Laptop Pro,Technology,South,2,0.1,1775.64,292.98
ORD-00181,2025-12-21,CUST-0175,Desk Lamp,Furniture,North,1,0.2,43.14,2.16
ORD-00182,2025-03-03,CUST-0055,Laptop Pro,Technology,West,2,0.1,1799.32,296.89
ORD-00183,2025-12-08,CUST-0457,Notebook Set,Office Supplies,West,2,0.2,30.62,5.21
ORD-00184,2025-06-26,CUST-0091,Printer Ink,Office Supplies,East,2,0.1,124.43,28.0
ORD-00185,2025-08-21,CUST-0316,Storage Box,Office Supplies,West,1,0.05,28.41,7.17
ORD-00186,2025-10-11,CUST-0224,Storage Box,Office Supplies,West,3,0.1,88.84,19.99
ORD-00187,2025-02-21,CUST-0426,Standing Desk,Furniture,South,1,0.0,419.53,67.12
ORD-00188,2025-05-24,CUST-0125,Wireless Headphones,Technology,North,2,0.1,201.89,33.31
ORD-00189,2025-01-25,CUST-0195,Printer Ink,Office Supplies,East,2,0.2,123.31,20.96
ORD-00190,2025-02-22,CUST-0094,Desk Lamp,Furniture,North,4,0.05,218.41,28.94
ORD-00191,2025-02-08,CUST-0175,Printer Ink,Office Supplies,North,2,0.05,152.33,38.46
ORD-00192,2025-07-05,CUST-0451,Standing Desk,Furniture,West,4,0.2,1450.65,72.53
ORD-00193,2025-05-02,CUST-0486,Standing Desk,Furniture,East,2,0.15,741.08,57.43
ORD-00194,2025-08-09,CUST-0209,Office Chair,Furniture,North,1,0.2,181.8,9.09
ORD-00195,2025-08-27,CUST-0354,Printer Ink,Office Supplies,East,2,0.0,154.51,43.26
ORD-00196,2025-09-10,CUST-0230,Printer Ink,Office Supplies,East,3,0.1,189.03,42.53
ORD-00197,2025-05-21,CUST-0208,Laptop Pro,Technology,North,5,0.0,4425.3,973.57
ORD-00198,2025-10-10,CUST-0189,Office Chair,Furniture,South,1,0.15,176.43,13.67
ORD-00199,2025-01-29,CUST-0218,Printer Ink,Office Supplies,East,2,0.05,136.42,34.45
ORD-00200,2025-05-16,CUST-0233,Storage Box,Office Supplies,South,5,0.2,135.44,23.02
ORD-00201,2025-12-08,CUST-0062,Standing Desk,Furniture,South,2,0.0,804.61,128.74
ORD-00202,2025-11-23,CUST-0275,Office Chair,Furniture,South,1,0.2,178.59,8.93
ORD-00203,2025-10-19,CUST-0248,Smartphone,Technology,North,3,0.2,1611.96,177.32
ORD-00204,2025-10-02,CUST-0306,Standing Desk,Furniture,West,2,0.15,700.06,54.25
ORD-00205,2025-06-16,CUST-0152,Standing Desk,Furniture,West,1,0.0,403.11,64.5
ORD-00206,2025-01-19,CUST-0008,Office Chair,Furniture,South,4,0.05,827.23,109.61
ORD-00207,2025-06-22,CUST-0499,Storage Box,Office Supplies,North,2,0.0,63.03,17.65
ORD-00208,2025-05-06,CUST-0484,Laptop Pro,Technology,East,1,0.2,789.3,86.82
ORD-00209,2025-11-13,CUST-0053,Smartphone,Technology,East,4,0.1,2395.86,395.32
ORD-00210,2025-01-01,CUST-0246,Laptop Pro,Technology,East,1,0.1,866.4,142.96
ORD-00211,2025-07-09,CUST-0130,Printer Ink,Office Supplies,South,1,0.0,73.5,20.58
ORD-00212,2025-11-08,CUST-0206,Printer Ink,Office Supplies,North,1,0.0,71.68,20.07
ORD-00213,2025-05-14,CUST-0352,Printer Ink,Office Supplies,North,1,0.2,55.32,9.4
ORD-00214,2025-06-09,CUST-0486,Laptop Pro,Technology,North,2,0.15,1496.95,205.83
ORD-00215,2025-05-29,CUST-0061,Standing Desk,Furniture,North,5,0.0,2109.31,337.49
ORD-00216,2025-07-22,CUST-0306,Storage Box,Office Supplies,West,2,0.15,50.69,10.01
ORD-00217,2025-08-15,CUST-0231,Office Chair,Furniture,West,1,0.1,212.87,22.35
ORD-00218,2025-02-16,CUST-0220,Printer Ink,Office Supplies,North,1,0.15,60.86,12.02
ORD-00219,2025-05-23,CUST-0313,Standing Desk,Furniture,East,4,0.0,1813.28,290.12
ORD-00220,2025-02-23,CUST-0321,Wireless Headphones,Technology,West,3,0.0,353.33,77.73
ORD-00221,2025-01-12,CUST-0081,Office Chair,Furniture,North,1,0.0,235.85,37.74
ORD-00222,2025-12-24,CUST-0081,Office Chair,Furniture,North,2,0.0,412.32,65.97
ORD-00223,2025-01-08,CUST-0305,Laptop Pro,Technology,South,1,0.2,722.08,79.43
ORD-00224,2025-03-31,CUST-0148,Printer Ink,Office Supplies,North,5,0.0,366.2,102.54
ORD-00225,2025-06-27,CUST-0037,Standing Desk,Furniture,East,2,0.1,704.92,74.02
ORD-00226,2025-02-10,CUST-0302,Office Chair,Furniture,West,2,0.2,379.38,18.97
ORD-00227,2025-05-25,CUST-0116,Office Chair,Furniture,South,1,0.15,181.3,14.05
ORD-00228,2025-07-31,CUST-0037,Smartphone,Technology,West,2,0.0,1338.42,294.45
ORD-00229,2025-02-15,CUST-0305,Laptop Pro,Technology,North,1,0.05,949.07,182.7
ORD-00230,2025-03-23,CUST-0353,Standing Desk,Furniture,South,1,0.1,391.65,41.12
ORD-00231,2025-10-30,CUST-0257,Standing Desk,Furniture,East,1,0.05,393.78,52.18
ORD-00232,2025-11-08,CUST-0307,Storage Box,Office Supplies,South,3,0.0,101.62,28.45
ORD-00233,2025-12-31,CUST-0166,Laptop Pro,Technology,West,2,0.2,1404.81,154.53
ORD-00234,2025-10-16,CUST-0493,Standing Desk,Furniture,North,3,0.0,1322.61,211.62
ORD-00235,2025-08-12,CUST-0421,Laptop Pro,Technology,West,4,0.2,2869.96,315.7
ORD-00236,2025-12-07,CUST-0241,Standing Desk,Furniture,East,1,0.0,412.0,65.92
ORD-00237,2025-12-08,CUST-0093,Storage Box,Office Supplies,East,1,0.05,32.06,8.1
ORD-00238,2025-04-08,CUST-0497,Notebook Set,Office Supplies,East,1,0.1,15.98,3.6
ORD-00239,2025-11-07,CUST-0171,Wireless Headphones,Technology,South,3,0.1,333.94,55.1
ORD-00240,2025-07-16,CUST-0169,Desk Lamp,Furniture,East,4,0.0,228.8,36.61
ORD-00241,2025-09-16,CUST-0340,Notebook Set,Office Supplies,East,2,0.05,34.67,8.75
ORD-00242,2025-02-22,CUST-0019,Notebook Set,Office Supplies,West,2,0.15,31.86,6.29
ORD-00243,2025-03-24,CUST-0166,Printer Ink,Office Supplies,North,1,0.05,68.3,17.25
ORD-00244,2025-01-01,CUST-0443,Wireless Headphones,Technology,West,1,0.1,104.11,17.18
ORD-00245,2025-09-17,CUST-0337,Storage Box,Office Supplies,West,3,0.0,101.81,28.51
ORD-00246,2025-10-15,CUST-0097,Storage Box,Office Supplies,South,1,0.0,31.27,8.76
ORD-00247,2025-03-13,CUST-0321,Storage Box,Office Supplies,South,4,0.1,118.36,26.63
ORD-00248,2025-06-11,CUST-0137,Printer Ink,Office Supplies,West,3,0.0,234.8,65.74
ORD-00249,2025-11-02,CUST-0225,Storage Box,Office Supplies,North,2,0.05,63.88,16.13
ORD-00250,2025-08-24,CUST-0312,Printer Ink,Office Supplies,North,2,0.2,112.1,19.06
ORD-00251,2025-09-08,CUST-0283,Office Chair,Furniture,East,1,0.05,212.01,28.09
ORD-00252,2025-09-12,CUST-0116,Laptop Pro,Technology,East,4,0.0,3751.69,825.37
ORD-00253,2025-08-17,CUST-0332,Wireless Headphones,Technology,South,2,0.0,245.35,53.98
ORD-00254,2025-03-16,CUST-0150,Smartphone,Technology,South,1,0.2,553.54,60.89
ORD-00255,2025-07-11,CUST-0428,Storage Box,Office Supplies,East,2,0.1,62.03,13.96
ORD-00256,2025-11-02,CUST-0234,Printer Ink,Office Supplies,West,1,0.0,76.64,21.46
ORD-00257,2025-12-01,CUST-0472,Storage Box,Office Supplies,North,1,0.0,29.91,8.37
ORD-00258,2025-11-04,CUST-0443,Storage Box,Office Supplies,West,1,0.0,32.07,8.98
ORD-00259,2025-12-01,CUST-0175,Wireless Headphones,Technology,North,2,0.1,209.02,34.49
ORD-00260,2025-04-16,CUST-0145,Storage Box,Office Supplies,North,1,0.0,33.01,9.24
ORD-00261,2025-10-12,CUST-0338,Standing Desk,Furniture,West,2,0.15,709.36,54.98
ORD-00262,2025-11-26,CUST-0276,Printer Ink,Office Supplies,West,1,0.1,64.89,14.6
ORD-00263,2025-03-10,CUST-0391,Printer Ink,Office Supplies,South,1,0.15,64.98,12.83
ORD-00264,2025-07-24,CUST-0446,Storage Box,Office Supplies,South,3,0.05,93.15,23.52
ORD-00265,2025-08-28,CUST-0293,Office Chair,Furniture,West,1,0.0,205.07,32.81
ORD-00266,2025-09-06,CUST-0023,Notebook Set,Office Supplies,North,4,0.1,60.94,13.71
ORD-00267,2025-04-05,CUST-0468,Desk Lamp,Furniture,West,1,0.2,41.46,2.07
ORD-00268,2025-01-08,CUST-0406,Notebook Set,Office Supplies,South,2,0.2,27.33,4.65
ORD-00269,2025-07-03,CUST-0065,Smartphone,Technology,South,1,0.0,691.27,152.08
ORD-00270,2025-07-14,CUST-0446,Storage Box,Office Supplies,West,1,0.05,31.22,7.88
ORD-00271,2025-03-02,CUST-0052,Wireless Headphones,Technology,West,1,0.1,103.23,17.03
ORD-00272,2025-10-04,CUST-0370,Storage Box,Office Supplies,West,2,0.0,62.41,17.47
ORD-00273,2025-06-19,CUST-0497,Smartphone,Technology,South,2,0.2,962.09,105.83
ORD-00274,2025-11-22,CUST-0174,Smartphone,Technology,North,1,0.05,620.9,119.52
ORD-00275,2025-01-12,CUST-0437,Notebook Set,Office Supplies,East,1,0.05,18.18,4.59
ORD-00276,2025-03-19,CUST-0321,Storage Box,Office Supplies,South,1,0.05,31.33,7.91
ORD-00277,2025-03-14,CUST-0317,Printer Ink,Office Supplies,West,1,0.0,78.59,22.01
ORD-00278,2025-05-01,CUST-0472,Wireless Headphones,Technology,North,3,0.2,268.73,29.56
ORD-00279,2025-12-16,CUST-0047,Standing Desk,Furniture,West,1,0.2,358.63,17.93
ORD-00280,2025-03-02,CUST-0361,Notebook Set,Office Supplies,West,1,0.2,13.89,2.36
ORD-00281,2025-09-14,CUST-0154,Wireless Headphones,Technology,South,5,0.2,499.07,54.9
ORD-00282,2025-09-10,CUST-0151,Laptop Pro,Technology,North,2,0.0,1811.64,398.56
ORD-00283,2025-05-07,CUST-0126,Desk Lamp,Furniture,South,5,0.0,274.32,43.89
ORD-00284,2025-01-28,CUST-0406,Storage Box,Office Supplies,South,4,0.2,102.91,17.49
ORD-00285,2025-12-31,CUST-0313,Smartphone,Technology,North,1,0.0,601.82,132.4
ORD-00286,2025-11-08,CUST-0255,Notebook Set,Office Supplies,East,1,0.0,18.61,5.21
ORD-00287,2025-04-21,CUST-0131,Smartphone,Technology,North,4,0.2,2083.89,229.23
ORD-00288,2025-08-27,CUST-0461,Printer Ink,Office Supplies,North,2,0.0,140.57,39.36
ORD-00289,2025-10-21,CUST-0280,Printer Ink,Office Supplies,West,1,0.2,59.01,10.03
ORD-00290,2025-07-11,CUST-0301,Smartphone,Technology,North,1,0.05,640.96,123.38
ORD-00291,2025-01-28,CUST-0354,Standing Desk,Furniture,East,1,0.1,381.87,40.1
ORD-00292,2025-09-30,CUST-0102,Standing Desk,Furniture,South,4,0.05,1491.1,197.57
ORD-00293,2025-05-06,CUST-0122,Notebook Set,Office Supplies,West,2,0.0,34.46,9.65
ORD-00294,2025-01-13,CUST-0152,Notebook Set,Office Supplies,East,2,0.15,30.47,6.02
ORD-00295,2025-03-08,CUST-0203,Standing Desk,Furniture,North,1,0.2,335.92,16.8
ORD-00296,2025-04-21,CUST-0399,Standing Desk,Furniture,North,2,0.2,675.99,33.8
ORD-00297,2025-02-03,CUST-0255,Laptop Pro,Technology,West,4,0.2,3159.38,347.53
ORD-00298,2025-08-24,CUST-0311,Standing Desk,Furniture,West,1,0.0,411.85,65.9
ORD-00299,2025-04-11,CUST-0318,Desk Lamp,Furniture,North,3,0.0,175.55,28.09
ORD-00300,2025-11-16,CUST-0393,Standing Desk,Furniture,East,1,0.2,322.26,16.11
ORD-00301,2025-11-11,CUST-0331,Smartphone,Technology,East,2,0.2,1011.77,111.29
ORD-00302,2025-10-16,CUST-0018,Laptop Pro,Technology,South,2,0.1,1601.05,264.17
ORD-00303,2025-07-17,CUST-0466,Desk Lamp,Furniture,West,3,0.0,158.29,25.33
ORD-00304,2025-01-04,CUST-0090,Standing Desk,Furniture,South,3,0.1,1077.13,113.1
ORD-00305,2025-11-14,CUST-0449,Office Chair,Furniture,North,3,0.15,531.68,41.21
ORD-00306,2025-11-07,CUST-0426,Desk Lamp,Furniture,East,1,0.05,48.74,6.46
ORD-00307,2025-08-31,CUST-0496,Smartphone,Technology,North,4,0.1,2306.45,380.56
ORD-00308,2025-02-05,CUST-0412,Standing Desk,Furniture,West,5,0.05,1871.16,247.93
ORD-00309,2025-11-18,CUST-0073,Wireless Headphones,Technology,South,2,0.0,258.03,56.77
ORD-00310,2025-01-04,CUST-0346,Office Chair,Furniture,West,4,0.2,739.71,36.99
ORD-00311,2025-04-04,CUST-0188,Notebook Set,Office Supplies,West,5,0.15,79.23,15.65
ORD-00312,2025-03-03,CUST-0136,Wireless Headphones,Technology,West,1,0.0,124.19,27.32
ORD-00313,2025-07-22,CUST-0345,Storage Box,Office Supplies,North,5,0.05,151.43,38.24
ORD-00314,2025-06-22,CUST-0482,Standing Desk,Furniture,East,2,0.2,640.29,32.01
ORD-00315,2025-04-28,CUST-0242,Desk Lamp,Furniture,North,2,0.0,108.69,17.39
ORD-00316,2025-08-13,CUST-0168,Laptop Pro,Technology,East,2,0.15,1548.44,212.91
ORD-00317,2025-02-16,CUST-0422,Office Chair,Furniture,East,1,0.2,179.12,8.96
ORD-00318,2025-11-16,CUST-0333,Printer Ink,Office Supplies,West,3,0.05,216.53,54.67
ORD-00319,2025-05-19,CUST-0485,Notebook Set,Office Supplies,North,4,0.0,71.78,20.1
ORD-00320,2025-09-16,CUST-0060,Laptop Pro,Technology,South,1,0.1,837.11,138.12
ORD-00321,2025-01-10,CUST-0070,Wireless Headphones,Technology,North,2,0.15,189.75,26.09
ORD-00322,2025-06-21,CUST-0487,Notebook Set,Office Supplies,South,1,0.2,13.99,2.38
ORD-00323,2025-05-10,CUST-0373,Storage Box,Office Supplies,South,2,0.2,49.19,8.36
ORD-00324,2025-04-11,CUST-0051,Smartphone,Technology,West,1,0.2,541.65,59.58
ORD-00325,2025-02-07,CUST-0017,Printer Ink,Office Supplies,East,4,0.05,298.42,75.35
ORD-00326,2025-04-05,CUST-0487,Desk Lamp,Furniture,North,1,0.1,52.28,5.49
ORD-00327,2025-08-24,CUST-0352,Office Chair,Furniture,West,1,0.0,206.78,33.08
ORD-00328,2025-05-17,CUST-0184,Desk Lamp,Furniture,East,1,0.2,41.76,2.09
ORD-00329,2025-02-04,CUST-0496,Laptop Pro,Technology,South,1,0.0,986.65,217.06
ORD-00330,2025-03-01,CUST-0047,Wireless Headphones,Technology,West,5,0.1,564.32,93.11
ORD-00331,2025-09-24,CUST-0498,Office Chair,Furniture,East,1,0.15,194.5,15.07
ORD-00332,2025-11-12,CUST-0125,Laptop Pro,Technology,North,3,0.05,2848.35,548.31
ORD-00333,2025-06-14,CUST-0036,Smartphone,Technology,West,2,0.0,1245.02,273.9
ORD-00334,2025-03-19,CUST-0417,Storage Box,Office Supplies,North,1,0.0,34.09,9.55
ORD-00335,2025-03-30,CUST-0404,Office Chair,Furniture,South,2,0.0,446.22,71.4
ORD-00336,2025-10-23,CUST-0067,Laptop Pro,Technology,North,5,0.0,4703.74,1034.82
ORD-00337,2025-01-14,CUST-0057,Storage Box,Office Supplies,North,5,0.0,159.04,44.53
ORD-00338,2025-12-19,CUST-0405,Laptop Pro,Technology,North,4,0.05,3574.62,688.11
ORD-00339,2025-06-02,CUST-0090,Office Chair,Furniture,East,1,0.0,234.07,37.45
ORD-00340,2025-11-05,CUST-0216,Standing Desk,Furniture,North,5,0.2,1607.16,80.36
ORD-00341,2025-02-08,CUST-0244,Storage Box,Office Supplies,North,1,0.0,31.65,8.86
ORD-00342,2025-03-08,CUST-0304,Printer Ink,Office Supplies,West,4,0.15,264.41,52.22
ORD-00343,2025-02-11,CUST-0485,Wireless Headphones,Technology,South,5,0.0,568.01,124.96
ORD-00344,2025-04-21,CUST-0267,Laptop Pro,Technology,West,2,0.2,1518.89,167.08
ORD-00345,2025-08-19,CUST-0032,Standing Desk,Furniture,South,1,0.0,439.39,70.3
ORD-00346,2025-02-07,CUST-0352,Printer Ink,Office Supplies,West,1,0.1,65.47,14.73
ORD-00347,2025-10-16,CUST-0038,Wireless Headphones,Technology,South,3,0.1,308.68,50.93
ORD-00348,2025-11-18,CUST-0034,Wireless Headphones,Technology,South,1,0.0,119.88,26.37
ORD-00349,2025-11-26,CUST-0300,Smartphone,Technology,North,1,0.2,486.96,53.57
ORD-00350,2025-06-08,CUST-0306,Storage Box,Office Supplies,East,4,0.1,121.59,27.36
ORD-00351,2025-08-04,CUST-0310,Storage Box,Office Supplies,North,2,0.15,53.51,10.57
ORD-00352,2025-06-06,CUST-0059,Notebook Set,Office Supplies,North,5,0.2,67.97,11.55
ORD-00353,2025-02-16,CUST-0221,Storage Box,Office Supplies,West,2,0.0,66.28,18.56
ORD-00354,2025-05-10,CUST-0174,Printer Ink,Office Supplies,West,1,0.1,69.02,15.53
ORD-00355,2025-08-31,CUST-0049,Printer Ink,Office Supplies,South,2,0.2,120.82,20.54
ORD-00356,2025-10-26,CUST-0131,Desk Lamp,Furniture,South,1,0.2,42.91,2.15
ORD-00357,2025-01-11,CUST-0473,Desk Lamp,Furniture,West,3,0.2,140.63,7.03
ORD-00358,2025-02-07,CUST-0048,Printer Ink,Office Supplies,North,3,0.0,221.43,62.0
ORD-00359,2025-10-30,CUST-0191,Notebook Set,Office Supplies,North,1,0.2,15.43,2.62
ORD-00360,2025-08-06,CUST-0490,Smartphone,Technology,East,2,0.15,1041.2,143.17
ORD-00361,2025-07-29,CUST-0063,Storage Box,Office Supplies,East,1,0.2,24.6,4.18
ORD-00362,2025-04-14,CUST-0482,Notebook Set,Office Supplies,South,2,0.2,29.23,4.97
ORD-00363,2025-12-22,CUST-0027,Notebook Set,Office Supplies,West,5,0.2,74.27,12.63
ORD-00364,2025-10-20,CUST-0054,Standing Desk,Furniture,East,5,0.05,2043.32,270.74
ORD-00365,2025-04-02,CUST-0247,Storage Box,Office Supplies,North,4,0.2,104.15,17.71
ORD-00366,2025-02-20,CUST-0433,Office Chair,Furniture,West,2,0.05,391.53,51.88
ORD-00367,2025-10-24,CUST-0294,Storage Box,Office Supplies,South,3,0.05,97.19,24.54
ORD-00368,2025-09-14,CUST-0499,Office Chair,Furniture,West,3,0.15,537.29,41.64
ORD-00369,2025-12-12,CUST-0425,Storage Box,Office Supplies,North,3,0.2,72.95,12.4
ORD-00370,2025-11-09,CUST-0360,Standing Desk,Furniture,North,1,0.05,422.61,56.0
ORD-00371,2025-02-24,CUST-0004,Standing Desk,Furniture,West,1,0.05,404.83,53.64
ORD-00372,2025-05-29,CUST-0337,Smartphone,Technology,West,4,0.15,2052.56,282.23
ORD-00373,2025-05-17,CUST-0325,Notebook Set,Office Supplies,North,1,0.2,15.1,2.57
ORD-00374,2025-04-27,CUST-0111,Laptop Pro,Technology,North,1,0.15,785.99,108.07
ORD-00375,2025-03-04,CUST-0081,Notebook Set,Office Supplies,South,2,0.05,34.4,8.69
ORD-00376,2025-03-16,CUST-0398,Desk Lamp,Furniture,South,3,0.05,152.9,20.26
ORD-00377,2025-07-29,CUST-0081,Wireless Headphones,Technology,West,1,0.0,124.56,27.4
ORD-00378,2025-01-17,CUST-0227,Laptop Pro,Technology,East,5,0.05,4313.66,830.38
ORD-00379,2025-12-30,CUST-0213,Notebook Set,Office Supplies,South,1,0.1,15.27,3.44
ORD-00380,2025-06-01,CUST-0059,Standing Desk,Furniture,North,1,0.15,356.91,27.66
ORD-00381,2025-07-17,CUST-0348,Desk Lamp,Furniture,South,2,0.05,111.44,14.77
ORD-00382,2025-06-26,CUST-0024,Printer Ink,Office Supplies,East,2,0.05,144.34,36.45
ORD-00383,2025-05-30,CUST-0029,Office Chair,Furniture,South,1,0.15,172.43,13.36
ORD-00384,2025-02-18,CUST-0393,Laptop Pro,Technology,North,4,0.0,4089.13,899.61
ORD-00385,2025-12-27,CUST-0168,Smartphone,Technology,West,1,0.05,623.16,119.96
ORD-00386,2025-12-08,CUST-0221,Wireless Headphones,Technology,North,2,0.2,193.08,21.24
ORD-00387,2025-12-26,CUST-0361,Smartphone,Technology,North,1,0.15,534.78,73.53
ORD-00388,2025-08-12,CUST-0413,Office Chair,Furniture,South,2,0.2,346.22,17.31
ORD-00389,2025-07-30,CUST-0022,Desk Lamp,Furniture,North,3,0.2,125.77,6.29
ORD-00390,2025-10-12,CUST-0442,Notebook Set,Office Supplies,North,1,0.0,16.67,4.67
ORD-00391,2025-10-13,CUST-0208,Desk Lamp,Furniture,East,5,0.15,236.18,18.3
ORD-00392,2025-01-18,CUST-0011,Notebook Set,Office Supplies,North,1,0.1,16.91,3.8
ORD-00393,2025-06-24,CUST-0236,Desk Lamp,Furniture,North,1,0.15,46.93,3.64
ORD-00394,2025-04-23,CUST-0125,Desk Lamp,Furniture,North,1,0.0,54.97,8.8
ORD-00395,2025-11-15,CUST-0041,Notebook Set,Office Supplies,East,2,0.15,29.04,5.74
ORD-00396,2025-02-24,CUST-0174,Notebook Set,Office Supplies,West,4,0.2,59.93,10.19
ORD-00397,2025-09-23,CUST-0040,Office Chair,Furniture,South,1,0.0,233.99,37.44
ORD-00398,2025-06-11,CUST-0262,Storage Box,Office Supplies,East,2,0.15,57.02,11.26
ORD-00399,2025-02-24,CUST-0180,Office Chair,Furniture,West,2,0.05,440.73,58.4
ORD-00400,2025-12-15,CUST-0132,Smartphone,Technology,North,5,0.0,3004.09,660.9
ORD-00401,2025-09-04,CUST-0390,Office Chair,Furniture,North,1,0.0,210.53,33.68
ORD-00402,2025-09-12,CUST-0253,Wireless Headphones,Technology,North,2,0.2,194.92,21.44
ORD-00403,2025-09-06,CUST-0230,Printer Ink,Office Supplies,West,4,0.15,257.83,50.92
ORD-00404,2025-02-20,CUST-0162,Desk Lamp,Furniture,West,1,0.2,44.4,2.22
ORD-00405,2025-09-21,CUST-0227,Smartphone,Technology,South,1,0.1,613.58,101.24
ORD-00406,2025-03-29,CUST-0029,Standing Desk,Furniture,West,3,0.15,1088.68,84.37
ORD-00407,2025-10-29,CUST-0237,Desk Lamp,Furniture,South,1,0.05,56.12,7.44
ORD-00408,2025-06-14,CUST-0426,Printer Ink,Office Supplies,North,3,0.05,203.66,51.42
ORD-00409,2025-08-11,CUST-0315,Standing Desk,Furniture,North,4,0.0,1786.54,285.85
ORD-00410,2025-01-07,CUST-0284,Storage Box,Office Supplies,South,1,0.15,25.4,5.02
ORD-00411,2025-05-31,CUST-0334,Laptop Pro,Technology,South,2,0.15,1492.66,205.24
ORD-00412,2025-02-05,CUST-0257,Office Chair,Furniture,South,2,0.1,391.02,41.06
ORD-00413,2025-01-02,CUST-0053,Smartphone,Technology,West,1,0.1,614.71,101.43
ORD-00414,2025-01-11,CUST-0259,Desk Lamp,Furniture,West,1,0.0,57.86,9.26
ORD-00415,2025-07-14,CUST-0225,Smartphone,Technology,North,4,0.2,1924.99,211.75
ORD-00416,2025-01-20,CUST-0082,Printer Ink,Office Supplies,East,2,0.15,124.34,24.56
ORD-00417,2025-09-13,CUST-0199,Desk Lamp,Furniture,South,3,0.05,153.31,20.31
ORD-00418,2025-02-22,CUST-0307,Notebook Set,Office Supplies,West,2,0.2,27.51,4.68
ORD-00419,2025-12-08,CUST-0172,Laptop Pro,Technology,West,2,0.2,1432.48,157.57
ORD-00420,2025-07-21,CUST-0348,Wireless Headphones,Technology,South,3,0.15,305.38,41.99
ORD-00421,2025-08-03,CUST-0437,Notebook Set,Office Supplies,North,5,0.2,68.34,11.62
ORD-00422,2025-04-25,CUST-0340,Smartphone,Technology,South,1,0.15,532.05,73.16
ORD-00423,2025-02-09,CUST-0496,Smartphone,Technology,West,1,0.05,630.69,121.41
ORD-00424,2025-12-25,CUST-0481,Notebook Set,Office Supplies,North,1,0.2,13.57,2.31
ORD-00425,2025-08-23,CUST-0330,Wireless Headphones,Technology,South,3,0.1,349.11,57.6
ORD-00426,2025-01-29,CUST-0360,Desk Lamp,Furniture,West,2,0.2,90.69,4.53
ORD-00427,2025-10-20,CUST-0217,Storage Box,Office Supplies,North,1,0.2,26.92,4.58
ORD-00428,2025-05-08,CUST-0159,Storage Box,Office Supplies,South,2,0.05,63.86,16.12
ORD-00429,2025-02-10,CUST-0486,Smartphone,Technology,West,3,0.05,1724.21,331.91
ORD-00430,2025-06-14,CUST-0080,Printer Ink,Office Supplies,North,1,0.0,74.97,20.99
ORD-00431,2025-03-17,CUST-0260,Wireless Headphones,Technology,North,4,0.0,449.79,98.95
ORD-00432,2025-12-08,CUST-0020,Storage Box,Office Supplies,West,2,0.15,52.34,10.34
ORD-00433,2025-10-14,CUST-0068,Desk Lamp,Furniture,West,3,0.15,145.46,11.27
ORD-00434,2025-04-08,CUST-0426,Notebook Set,Office Supplies,North,2,0.0,36.77,10.3
ORD-00435,2025-11-05,CUST-0211,Smartphone,Technology,West,4,0.0,2630.49,578.71
ORD-00436,2025-07-09,CUST-0497,Desk Lamp,Furniture,East,1,0.0,54.31,8.69
ORD-00437,2025-05-10,CUST-0402,Printer Ink,Office Supplies,East,2,0.2,128.81,21.9
ORD-00438,2025-07-12,CUST-0159,Printer Ink,Office Supplies,North,1,0.0,70.08,19.62
ORD-00439,2025-10-09,CUST-0189,Printer Ink,Office Supplies,West,2,0.0,147.34,41.26
ORD-00440,2025-10-23,CUST-0399,Printer Ink,Office Supplies,South,1,0.05,69.6,17.57
ORD-00441,2025-04-23,CUST-0495,Notebook Set,Office Supplies,South,1,0.1,15.67,3.53
ORD-00442,2025-08-15,CUST-0071,Smartphone,Technology,West,3,0.15,1651.15,227.03
ORD-00443,2025-04-21,CUST-0448,Standing Desk,Furniture,North,5,0.1,2022.1,212.32
ORD-00444,2025-03-10,CUST-0365,Desk Lamp,Furniture,East,5,0.0,262.46,41.99
ORD-00445,2025-02-05,CUST-0043,Storage Box,Office Supplies,West,4,0.05,116.97,29.53
ORD-00446,2025-08-15,CUST-0076,Smartphone,Technology,North,2,0.15,1025.69,141.03
ORD-00447,2025-12-31,CUST-0419,Notebook Set,Office Supplies,North,1,0.0,17.52,4.91
ORD-00448,2025-06-03,CUST-0213,Printer Ink,Office Supplies,West,1,0.0,70.28,19.68
ORD-00449,2025-07-20,CUST-0121,Laptop Pro,Technology,South,5,0.05,4677.25,900.37
ORD-00450,2025-08-05,CUST-0115,Notebook Set,Office Supplies,West,2,0.05,35.23,8.9
ORD-00451,2025-02-11,CUST-0430,Laptop Pro,Technology,South,1,0.0,911.45,200.52
ORD-00452,2025-05-11,CUST-0020,Desk Lamp,Furniture,West,1,0.0,57.63,9.22
ORD-00453,2025-06-21,CUST-0357,Standing Desk,Furniture,West,1,0.1,364.22,38.24
ORD-00454,2025-12-20,CUST-0230,Smartphone,Technology,West,2,0.1,1143.97,188.76
ORD-00455,2025-02-13,CUST-0132,Laptop Pro,Technology,West,1,0.0,1013.43,222.95
ORD-00456,2025-01-17,CUST-0482,Office Chair,Furniture,West,1,0.15,192.7,14.93
ORD-00457,2025-10-30,CUST-0122,Storage Box,Office Supplies,South,2,0.05,61.21,15.46
ORD-00458,2025-08-04,CUST-0215,Standing Desk,Furniture,North,1,0.0,435.61,69.7
ORD-00459,2025-05-29,CUST-0306,Printer Ink,Office Supplies,North,1,0.1,69.21,15.57
ORD-00460,2025-07-17,CUST-0295,Storage Box,Office Supplies,North,5,0.15,130.55,25.78
ORD-00461,2025-03-30,CUST-0220,Office Chair,Furniture,East,2,0.05,399.35,52.91
ORD-00462,2025-12-31,CUST-0293,Laptop Pro,Technology,East,1,0.0,879.99,193.6
ORD-00463,2025-09-23,CUST-0044,Notebook Set,Office Supplies,North,5,0.2,76.9,13.07
ORD-00464,2025-10-09,CUST-0489,Storage Box,Office Supplies,West,2,0.0,63.73,17.84
ORD-00465,2025-09-27,CUST-0284,Storage Box,Office Supplies,East,4,0.15,112.24,22.17
ORD-00466,2025-05-17,CUST-0023,Laptop Pro,Technology,South,1,0.1,913.06,150.65
ORD-00467,2025-11-11,CUST-0383,Notebook Set,Office Supplies,West,4,0.05,71.63,18.09
ORD-00468,2025-08-11,CUST-0177,Laptop Pro,Technology,South,3,0.0,2647.03,582.35
ORD-00469,2025-04-13,CUST-0054,Office Chair,Furniture,West,1,0.2,180.23,9.01
ORD-00470,2025-06-01,CUST-0280,Desk Lamp,Furniture,North,1,0.05,52.76,6.99
ORD-00471,2025-10-28,CUST-0426,Desk Lamp,Furniture,West,1,0.0,58.39,9.34
ORD-00472,2025-06-20,CUST-0324,Printer Ink,Office Supplies,West,5,0.1,334.32,75.22
ORD-00473,2025-12-30,CUST-0367,Smartphone,Technology,West,4,0.0,2523.16,555.1
ORD-00474,2025-01-04,CUST-0023,Printer Ink,Office Supplies,North,2,0.0,153.88,43.09
ORD-00475,2025-07-29,CUST-0478,Office Chair,Furniture,West,1,0.05,221.91,29.4
ORD-00476,2025-04-18,CUST-0243,Standing Desk,Furniture,South,3,0.15,1056.86,81.91
ORD-00477,2025-08-15,CUST-0098,Standing Desk,Furniture,North,1,0.2,362.36,18.12
ORD-00478,2025-09-08,CUST-0444,Standing Desk,Furniture,South,4,0.0,1595.46,255.27
ORD-00479,2025-10-01,CUST-0224,Desk Lamp,Furniture,North,5,0.05,279.33,37.01
ORD-00480,2025-02-08,CUST-0174,Notebook Set,Office Supplies,West,3,0.1,47.44,10.67
ORD-00481,2025-11-14,CUST-0189,Smartphone,Technology,South,2,0.1,1166.22,192.43
ORD-00482,2025-09-29,CUST-0373,Storage Box,Office Supplies,North,5,0.0,154.16,43.16
ORD-00483,2025-09-23,CUST-0422,Notebook Set,Office Supplies,North,3,0.15,45.3,8.95
ORD-00484,2025-12-25,CUST-0053,Smartphone,Technology,East,2,0.05,1281.95,246.78
ORD-00485,2025-06-26,CUST-0157,Wireless Headphones,Technology,South,1,0.05,113.4,21.83
ORD-00486,2025-06-07,CUST-0086,Printer Ink,Office Supplies,East,1,0.1,65.3,14.69
ORD-00487,2025-10-20,CUST-0373,Printer Ink,Office Supplies,South,1,0.0,72.33,20.25
ORD-00488,2025-03-14,CUST-0141,Desk Lamp,Furniture,East,4,0.1,194.34,20.41
ORD-00489,2025-12-10,CUST-0208,Laptop Pro,Technology,North,2,0.2,1451.48,159.66
ORD-00490,2025-10-20,CUST-0348,Desk Lamp,Furniture,South,2,0.2,84.61,4.23
ORD-00491,2025-07-17,CUST-0435,Smartphone,Technology,West,4,0.0,2757.71,606.7
ORD-00492,2025-10-29,CUST-0121,Printer Ink,Office Supplies,North,5,0.0,373.04,104.45
ORD-00493,2025-11-29,CUST-0017,Desk Lamp,Furniture,South,1,0.15,44.26,3.43
ORD-00494,2025-02-21,CUST-0191,Smartphone,Technology,East,2,0.05,1181.98,227.53
ORD-00495,2025-05-28,CUST-0071,Printer Ink,Office Supplies,West,2,0.15,130.55,25.78
ORD-00496,2025-08-31,CUST-0333,Storage Box,Office Supplies,South,2,0.05,57.11,14.42
ORD-00497,2025-04-17,CUST-0014,Standing Desk,Furniture,North,1,0.0,412.21,65.95
ORD-00498,2025-08-29,CUST-0468,Smartphone,Technology,South,1,0.1,611.17,100.84
ORD-00499,2025-09-19,CUST-0361,Storage Box,Office Supplies,North,2,0.05,56.5,14.27
ORD-00500,2025-02-16,CUST-0147,Printer Ink,Office Supplies,North,4,0.15,270.66,53.46
ORD-00501,2025-04-09,CUST-0437,Printer Ink,Office Supplies,North,2,0.0,161.88,45.33
ORD-00502,2025-03-02,CUST-0228,Wireless Headphones,Technology,South,1,0.2,94.41,10.39
ORD-00503,2025-06-27,CUST-0342,Wireless Headphones,Technology,West,1,0.05,117.58,22.63
ORD-00504,2025-08-04,CUST-0278,Desk Lamp,Furniture,East,1,0.15,49.11,3.81
ORD-00505,2025-09-26,CUST-0365,Standing Desk,Furniture,West,5,0.0,2183.28,349.32
ORD-00506,2025-03-30,CUST-0115,Smartphone,Technology,West,1,0.15,587.41,80.77
ORD-00507,2025-12-23,CUST-0122,Wireless Headphones,Technology,West,1,0.0,119.18,26.22
ORD-00508,2025-11-19,CUST-0294,Printer Ink,Office Supplies,North,1,0.15,59.97,11.84
ORD-00509,2025-05-17,CUST-0067,Desk Lamp,Furniture,South,1,0.15,50.16,3.89
ORD-00510,2025-11-28,CUST-0368,Wireless Headphones,Technology,North,1,0.1,113.35,18.7
ORD-00511,2025-02-09,CUST-0422,Printer Ink,Office Supplies,East,1,0.1,68.05,15.31
ORD-00512,2025-08-14,CUST-0329,Wireless Headphones,Technology,North,5,0.05,547.44,105.38
ORD-00513,2025-02-07,CUST-0265,Wireless Headphones,Technology,South,5,0.2,495.03,54.45
ORD-00514,2025-06-25,CUST-0328,Desk Lamp,Furniture,North,1,0.15,46.99,3.64
ORD-00515,2025-02-06,CUST-0222,Smartphone,Technology,West,2,0.0,1218.77,268.13
ORD-00516,2025-10-11,CUST-0426,Storage Box,Office Supplies,West,2,0.0,69.03,19.33
ORD-00517,2025-04-24,CUST-0085,Wireless Headphones,Technology,South,5,0.05,604.92,116.45
ORD-00518,2025-11-14,CUST-0116,Smartphone,Technology,South,2,0.2,1107.64,121.84
ORD-00519,2025-11-19,CUST-0459,Desk Lamp,Furniture,West,5,0.15,239.81,18.59
ORD-00520,2025-02-09,CUST-0101,Standing Desk,Furniture,West,1,0.05,422.27,55.95
ORD-00521,2025-10-16,CUST-0156,Storage Box,Office Supplies,North,3,0.2,77.06,13.1
ORD-00522,2025-12-02,CUST-0087,Storage Box,Office Supplies,North,5,0.2,122.78,20.87
ORD-00523,2025-02-28,CUST-0369,Smartphone,Technology,North,1,0.15,522.48,71.84
ORD-00524,2025-09-26,CUST-0022,Desk Lamp,Furniture,West,1,0.15,44.8,3.47
ORD-00525,2025-06-30,CUST-0395,Laptop Pro,Technology,North,1,0.2,712.07,78.33
ORD-00526,2025-06-04,CUST-0214,Standing Desk,Furniture,East,3,0.15,1017.75,78.88
ORD-00527,2025-05-13,CUST-0280,Laptop Pro,Technology,South,1,0.2,816.1,89.77
ORD-00528,2025-09-06,CUST-0248,Standing Desk,Furniture,East,1,0.05,423.2,56.07
ORD-00529,2025-06-09,CUST-0208,Office Chair,Furniture,West,1,0.2,168.36,8.42
ORD-00530,2025-02-08,CUST-0031,Standing Desk,Furniture,South,4,0.2,1236.72,61.84
ORD-00531,2025-09-15,CUST-0238,Smartphone,Technology,South,3,0.1,1827.06,301.46
ORD-00532,2025-01-12,CUST-0161,Office Chair,Furniture,South,4,0.0,836.79,133.89
ORD-00533,2025-01-13,CUST-0500,Desk Lamp,Furniture,West,3,0.05,152.4,20.19
ORD-00534,2025-08-21,CUST-0264,Notebook Set,Office Supplies,North,1,0.05,16.05,4.05
ORD-00535,2025-12-20,CUST-0239,Storage Box,Office Supplies,North,2,0.0,58.97,16.51
ORD-00536,2025-12-31,CUST-0073,Wireless Headphones,Technology,North,1,0.0,112.87,24.83
ORD-00537,2025-03-15,CUST-0443,Wireless Headphones,Technology,North,1,0.1,116.0,19.14
ORD-00538,2025-11-15,CUST-0417,Notebook Set,Office Supplies,North,2,0.0,36.76,10.29
ORD-00539,2025-08-10,CUST-0161,Desk Lamp,Furniture,West,2,0.2,82.4,4.12
ORD-00540,2025-07-15,CUST-0264,Office Chair,Furniture,West,2,0.1,407.9,42.83
ORD-00541,2025-08-30,CUST-0255,Printer Ink,Office Supplies,South,2,0.05,137.96,34.83
ORD-00542,2025-01-17,CUST-0259,Laptop Pro,Technology,North,2,0.1,1591.63,262.62
ORD-00543,2025-07-12,CUST-0299,Printer Ink,Office Supplies,West,3,0.0,229.35,64.22
ORD-00544,2025-07-29,CUST-0254,Desk Lamp,Furniture,North,1,0.05,56.35,7.47
ORD-00545,2025-06-24,CUST-0434,Printer Ink,Office Supplies,North,2,0.0,148.7,41.64
ORD-00546,2025-09-08,CUST-0373,Wireless Headphones,Technology,South,1,0.05,115.72,22.28
ORD-00547,2025-01-07,CUST-0024,Desk Lamp,Furniture,West,2,0.05,96.51,12.79
ORD-00548,2025-05-14,CUST-0100,Notebook Set,Office Supplies,North,4,0.15,61.09,12.07
ORD-00549,2025-02-27,CUST-0198,Desk Lamp,Furniture,East,4,0.0,218.1,34.9
ORD-00550,2025-08-14,CUST-0144,Storage Box,Office Supplies,South,2,0.15,58.27,11.51
ORD-00551,2025-04-09,CUST-0202,Wireless Headphones,Technology,North,2,0.0,253.6,55.79
ORD-00552,2025-09-28,CUST-0286,Desk Lamp,Furniture,West,4,0.05,219.9,29.14
ORD-00553,2025-03-16,CUST-0309,Desk Lamp,Furniture,West,2,0.0,115.98,18.56
ORD-00554,2025-06-24,CUST-0024,Storage Box,Office Supplies,South,3,0.0,91.85,25.72
ORD-00555,2025-01-27,CUST-0412,Laptop Pro,Technology,North,1,0.05,967.6,186.26
ORD-00556,2025-08-24,CUST-0311,Printer Ink,Office Supplies,South,5,0.0,370.94,103.86
ORD-00557,2025-01-21,CUST-0164,Storage Box,Office Supplies,North,4,0.15,107.4,21.21
ORD-00558,2025-03-25,CUST-0379,Smartphone,Technology,South,3,0.15,1726.48,237.39
ORD-00559,2025-09-14,CUST-0425,Standing Desk,Furniture,East,1,0.15,379.51,29.41
ORD-00560,2025-01-15,CUST-0289,Storage Box,Office Supplies,East,1,0.2,24.42,4.15
ORD-00561,2025-11-16,CUST-0189,Standing Desk,Furniture,South,1,0.0,430.19,68.83
ORD-00562,2025-01-12,CUST-0299,Desk Lamp,Furniture,East,1,0.1,52.39,5.5
ORD-00563,2025-07-27,CUST-0447,Standing Desk,Furniture,West,1,0.2,361.17,18.06
ORD-00564,2025-05-25,CUST-0496,Laptop Pro,Technology,East,2,0.05,1884.88,362.84
ORD-00565,2025-03-20,CUST-0246,Office Chair,Furniture,West,1,0.15,197.32,15.29
ORD-00566,2025-07-18,CUST-0318,Smartphone,Technology,East,1,0.2,544.69,59.92
ORD-00567,2025-06-30,CUST-0125,Notebook Set,Office Supplies,North,5,0.2,76.85,13.06
ORD-00568,2025-02-15,CUST-0057,Laptop Pro,Technology,East,4,0.2,3031.01,333.41
ORD-00569,2025-07-25,CUST-0215,Office Chair,Furniture,North,4,0.05,785.86,104.13
ORD-00570,2025-08-24,CUST-0211,Smartphone,Technology,South,2,0.0,1285.5,282.81
ORD-00571,2025-06-15,CUST-0447,Storage Box,Office Supplies,West,5,0.1,143.81,32.36
ORD-00572,2025-11-15,CUST-0107,Laptop Pro,Technology,East,3,0.15,2454.27,337.46
ORD-00573,2025-04-27,CUST-0245,Storage Box,Office Supplies,South,1,0.2,26.82,4.56
ORD-00574,2025-03-05,CUST-0236,Storage Box,Office Supplies,South,2,0.0,60.41,16.91
ORD-00575,2025-10-04,CUST-0347,Storage Box,Office Supplies,South,1,0.05,31.28,7.9
ORD-00576,2025-12-04,CUST-0491,Standing Desk,Furniture,East,3,0.0,1355.7,216.91
ORD-00577,2025-06-15,CUST-0116,Office Chair,Furniture,North,5,0.05,1071.25,141.94
ORD-00578,2025-08-05,CUST-0107,Standing Desk,Furniture,West,1,0.2,360.33,18.02
ORD-00579,2025-09-24,CUST-0287,Printer Ink,Office Supplies,South,3,0.05,222.27,56.12
ORD-00580,2025-02-10,CUST-0347,Standing Desk,Furniture,North,1,0.15,334.31,25.91
ORD-00581,2025-02-15,CUST-0420,Storage Box,Office Supplies,South,5,0.1,132.9,29.9
ORD-00582,2025-11-06,CUST-0149,Desk Lamp,Furniture,West,3,0.0,157.35,25.18
ORD-00583,2025-06-10,CUST-0041,Laptop Pro,Technology,North,1,0.2,793.54,87.29
ORD-00584,2025-08-30,CUST-0132,Desk Lamp,Furniture,West,2,0.2,81.98,4.1
ORD-00585,2025-08-13,CUST-0139,Printer Ink,Office Supplies,North,1,0.15,67.65,13.36
ORD-00586,2025-03-18,CUST-0056,Storage Box,Office Supplies,East,2,0.0,62.54,17.51
ORD-00587,2025-04-13,CUST-0464,Office Chair,Furniture,North,1,0.2,189.45,9.47
ORD-00588,2025-03-31,CUST-0027,Storage Box,Office Supplies,North,3,0.0,98.97,27.71
ORD-00589,2025-05-23,CUST-0242,Wireless Headphones,Technology,South,1,0.2,88.95,9.78
ORD-00590,2025-11-01,CUST-0003,Wireless Headphones,Technology,East,5,0.0,613.1,134.88
ORD-00591,2025-05-03,CUST-0209,Storage Box,Office Supplies,West,3,0.0,97.46,27.29
ORD-00592,2025-03-14,CUST-0388,Printer Ink,Office Supplies,South,4,0.0,305.42,85.52
ORD-00593,2025-02-10,CUST-0031,Standing Desk,Furniture,South,1,0.2,359.4,17.97
ORD-00594,2025-11-24,CUST-0274,Wireless Headphones,Technology,East,1,0.0,122.41,26.93
ORD-00595,2025-03-25,CUST-0214,Laptop Pro,Technology,West,3,0.0,2901.19,638.26
ORD-00596,2025-01-07,CUST-0429,Smartphone,Technology,West,1,0.0,691.06,152.03
ORD-00597,2025-11-10,CUST-0480,Notebook Set,Office Supplies,West,3,0.0,53.59,15.01
ORD-00598,2025-01-03,CUST-0153,Standing Desk,Furniture,West,4,0.0,1687.1,269.94
ORD-00599,2025-12-28,CUST-0146,Wireless Headphones,Technology,West,3,0.05,319.11,61.43
ORD-00600,2025-01-12,CUST-0269,Printer Ink,Office Supplies,West,4,0.15,261.13,51.57
ORD-00601,2025-01-25,CUST-0436,Printer Ink,Office Supplies,West,2,0.0,152.78,42.78
ORD-00602,2025-05-27,CUST-0415,Storage Box,Office Supplies,South,4,0.0,127.39,35.67
ORD-00603,2025-06-22,CUST-0235,Wireless Headphones,Technology,South,5,0.2,508.56,55.94
ORD-00604,2025-11-05,CUST-0378,Standing Desk,Furniture,East,4,0.0,1557.34,249.17
ORD-00605,2025-10-27,CUST-0346,Desk Lamp,Furniture,West,1,0.15,43.17,3.35
ORD-00606,2025-07-30,CUST-0460,Office Chair,Furniture,North,3,0.2,513.83,25.69
ORD-00607,2025-11-08,CUST-0168,Notebook Set,Office Supplies,West,1,0.15,15.28,3.02
ORD-00608,2025-07-21,CUST-0095,Wireless Headphones,Technology,South,1,0.0,123.46,27.16
ORD-00609,2025-04-03,CUST-0004,Smartphone,Technology,South,3,0.0,1803.56,396.78
ORD-00610,2025-12-19,CUST-0386,Standing Desk,Furniture,South,4,0.1,1502.96,157.81
ORD-00611,2025-12-16,CUST-0299,Standing Desk,Furniture,West,2,0.05,827.0,109.58
ORD-00612,2025-01-24,CUST-0355,Laptop Pro,Technology,North,2,0.05,1842.19,354.62
ORD-00613,2025-08-08,CUST-0239,Office Chair,Furniture,North,2,0.0,458.85,73.42
ORD-00614,2025-06-01,CUST-0258,Standing Desk,Furniture,North,1,0.2,355.73,17.79
ORD-00615,2025-04-06,CUST-0470,Standing Desk,Furniture,East,1,0.2,332.7,16.63
ORD-00616,2025-04-27,CUST-0113,Standing Desk,Furniture,South,1,0.0,419.1,67.06
ORD-00617,2025-03-07,CUST-0383,Smartphone,Technology,South,4,0.1,2490.02,410.85
ORD-00618,2025-09-19,CUST-0468,Desk Lamp,Furniture,South,4,0.15,180.32,13.97
ORD-00619,2025-07-05,CUST-0423,Printer Ink,Office Supplies,West,3,0.2,175.94,29.91
ORD-00620,2025-05-11,CUST-0387,Office Chair,Furniture,West,2,0.2,350.07,17.5
ORD-00621,2025-01-21,CUST-0361,Wireless Headphones,Technology,East,4,0.15,390.75,53.73
ORD-00622,2025-10-09,CUST-0058,Desk Lamp,Furniture,North,5,0.15,230.21,17.84
ORD-00623,2025-03-28,CUST-0104,Laptop Pro,Technology,West,1,0.15,773.59,106.37
ORD-00624,2025-11-30,CUST-0438,Storage Box,Office Supplies,North,1,0.05,28.85,7.28
ORD-00625,2025-11-21,CUST-0106,Storage Box,Office Supplies,South,3,0.2,76.71,13.04
ORD-00626,2025-11-14,CUST-0229,Printer Ink,Office Supplies,North,3,0.15,202.59,40.01
ORD-00627,2025-04-21,CUST-0213,Laptop Pro,Technology,South,3,0.15,2428.24,333.88
ORD-00628,2025-03-25,CUST-0237,Printer Ink,Office Supplies,East,1,0.15,59.62,11.77
ORD-00629,2025-05-25,CUST-0131,Standing Desk,Furniture,West,1,0.1,366.64,38.5
ORD-00630,2025-01-28,CUST-0038,Laptop Pro,Technology,West,1,0.15,853.75,117.39
ORD-00631,2025-09-18,CUST-0033,Laptop Pro,Technology,South,4,0.2,3083.0,339.13
ORD-00632,2025-06-13,CUST-0479,Storage Box,Office Supplies,West,2,0.0,61.31,17.17
ORD-00633,2025-10-14,CUST-0093,Printer Ink,Office Supplies,North,1,0.1,71.64,16.12
ORD-00634,2025-04-28,CUST-0331,Smartphone,Technology,West,3,0.2,1517.79,166.96
ORD-00635,2025-04-03,CUST-0230,Notebook Set,Office Supplies,South,1,0.1,16.64,3.74
ORD-00636,2025-12-27,CUST-0494,Notebook Set,Office Supplies,South,1,0.2,14.28,2.43
ORD-00637,2025-09-21,CUST-0061,Storage Box,Office Supplies,North,1,0.05,32.58,8.23
ORD-00638,2025-11-09,CUST-0271,Smartphone,Technology,West,5,0.1,2859.13,471.76
ORD-00639,2025-10-11,CUST-0428,Smartphone,Technology,West,1,0.0,660.98,145.42
ORD-00640,2025-06-24,CUST-0238,Laptop Pro,Technology,West,2,0.05,1814.68,349.33
ORD-00641,2025-11-01,CUST-0422,Storage Box,Office Supplies,South,1,0.1,29.75,6.69
ORD-00642,2025-11-08,CUST-0080,Office Chair,Furniture,North,2,0.05,442.36,58.61
ORD-00643,2025-04-18,CUST-0392,Standing Desk,Furniture,North,1,0.2,315.14,15.76
ORD-00644,2025-11-30,CUST-0215,Wireless Headphones,Technology,North,1,0.2,90.21,9.92
ORD-00645,2025-10-20,CUST-0052,Laptop Pro,Technology,North,2,0.0,1763.72,388.02
ORD-00646,2025-01-01,CUST-0361,Laptop Pro,Technology,South,4,0.2,2906.09,319.67
ORD-00647,2025-09-02,CUST-0206,Laptop Pro,Technology,North,1,0.0,922.06,202.85
ORD-00648,2025-06-28,CUST-0387,Printer Ink,Office Supplies,North,3,0.0,231.78,64.9
ORD-00649,2025-10-03,CUST-0120,Laptop Pro,Technology,North,2,0.05,1799.19,346.34
ORD-00650,2025-09-08,CUST-0420,Desk Lamp,Furniture,East,1,0.2,40.6,2.03
ORD-00651,2025-08-05,CUST-0339,Desk Lamp,Furniture,North,1,0.0,59.16,9.47
ORD-00652,2025-02-08,CUST-0141,Storage Box,Office Supplies,North,4,0.05,116.82,29.5
ORD-00653,2025-06-27,CUST-0451,Laptop Pro,Technology,East,4,0.15,3316.24,455.98
ORD-00654,2025-12-06,CUST-0285,Smartphone,Technology,East,4,0.1,2164.02,357.06
ORD-00655,2025-10-28,CUST-0483,Printer Ink,Office Supplies,North,2,0.05,147.17,37.16
ORD-00656,2025-08-22,CUST-0357,Notebook Set,Office Supplies,West,2,0.05,35.15,8.88
ORD-00657,2025-12-07,CUST-0193,Notebook Set,Office Supplies,South,1,0.05,17.73,4.48
ORD-00658,2025-06-06,CUST-0124,Smartphone,Technology,West,5,0.1,2800.77,462.13
ORD-00659,2025-03-27,CUST-0074,Office Chair,Furniture,South,4,0.2,725.7,36.28
ORD-00660,2025-11-07,CUST-0212,Printer Ink,Office Supplies,West,4,0.15,273.14,53.95
ORD-00661,2025-04-24,CUST-0199,Notebook Set,Office Supplies,East,1,0.0,18.34,5.14
ORD-00662,2025-05-16,CUST-0332,Office Chair,Furniture,North,4,0.05,845.44,112.02
ORD-00663,2025-03-17,CUST-0048,Wireless Headphones,Technology,West,1,0.05,121.86,23.46
ORD-00664,2025-10-29,CUST-0027,Storage Box,Office Supplies,West,2,0.0,65.81,18.43
ORD-00665,2025-05-27,CUST-0309,Standing Desk,Furniture,South,4,0.15,1464.3,113.48
ORD-00666,2025-02-22,CUST-0412,Laptop Pro,Technology,West,5,0.0,4864.94,1070.29
ORD-00667,2025-03-31,CUST-0446,Storage Box,Office Supplies,North,3,0.0,98.42,27.56
ORD-00668,2025-07-11,CUST-0109,Desk Lamp,Furniture,South,3,0.0,160.2,25.63
ORD-00669,2025-06-10,CUST-0383,Office Chair,Furniture,West,1,0.0,237.37,37.98
ORD-00670,2025-09-26,CUST-0310,Printer Ink,Office Supplies,West,1,0.2,56.07,9.53
ORD-00671,2025-06-08,CUST-0283,Office Chair,Furniture,South,1,0.0,206.24,33.0
ORD-00672,2025-04-08,CUST-0239,Desk Lamp,Furniture,West,2,0.1,103.2,10.84
ORD-00673,2025-05-12,CUST-0134,Storage Box,Office Supplies,East,3,0.05,90.3,22.8
ORD-00674,2025-03-23,CUST-0239,Desk Lamp,Furniture,South,2,0.1,103.72,10.89
ORD-00675,2025-12-05,CUST-0241,Wireless Headphones,Technology,West,2,0.2,201.76,22.19
ORD-00676,2025-12-10,CUST-0161,Desk Lamp,Furniture,West,3,0.05,157.87,20.92
ORD-00677,2025-03-30,CUST-0380,Notebook Set,Office Supplies,North,2,0.0,34.99,9.8
ORD-00678,2025-03-17,CUST-0479,Smartphone,Technology,North,1,0.15,543.32,74.71
ORD-00679,2025-11-12,CUST-0169,Notebook Set,Office Supplies,North,2,0.0,35.7,10.0
ORD-00680,2025-11-01,CUST-0256,Office Chair,Furniture,South,5,0.0,1077.69,172.43
ORD-00681,2025-04-12,CUST-0173,Storage Box,Office Supplies,East,1,0.2,25.96,4.41
ORD-00682,2025-04-20,CUST-0495,Standing Desk,Furniture,West,3,0.1,1155.68,121.35
ORD-00683,2025-09-22,CUST-0408,Printer Ink,Office Supplies,South,1,0.2,60.41,10.27
ORD-00684,2025-11-24,CUST-0280,Desk Lamp,Furniture,North,5,0.2,232.22,11.61
ORD-00685,2025-04-27,CUST-0329,Printer Ink,Office Supplies,North,2,0.15,124.26,24.54
ORD-00686,2025-01-12,CUST-0484,Laptop Pro,Technology,East,2,0.0,1869.24,411.23
ORD-00687,2025-10-20,CUST-0071,Laptop Pro,Technology,West,4,0.1,3438.39,567.33
ORD-00688,2025-09-28,CUST-0005,Office Chair,Furniture,North,1,0.0,229.32,36.69
ORD-00689,2025-11-22,CUST-0031,Office Chair,Furniture,South,3,0.05,648.88,85.98
ORD-00690,2025-01-21,CUST-0004,Printer Ink,Office Supplies,East,4,0.0,296.68,83.07
ORD-00691,2025-12-02,CUST-0009,Storage Box,Office Supplies,East,4,0.0,119.22,33.38
ORD-00692,2025-10-08,CUST-0147,Storage Box,Office Supplies,West,2,0.15,58.12,11.48
ORD-00693,2025-09-28,CUST-0346,Laptop Pro,Technology,South,2,0.2,1625.65,178.82
ORD-00694,2025-10-02,CUST-0055,Notebook Set,Office Supplies,West,1,0.0,17.04,4.77
ORD-00695,2025-02-21,CUST-0099,Wireless Headphones,Technology,East,3,0.0,348.9,76.76
ORD-00696,2025-08-27,CUST-0137,Storage Box,Office Supplies,North,2,0.05,61.18,15.45
ORD-00697,2025-05-24,CUST-0236,Notebook Set,Office Supplies,North,1,0.1,16.49,3.71
ORD-00698,2025-05-26,CUST-0154,Office Chair,Furniture,West,1,0.0,212.0,33.92
ORD-00699,2025-05-12,CUST-0389,Wireless Headphones,Technology,East,1,0.2,90.19,9.92
ORD-00700,2025-09-20,CUST-0194,Laptop Pro,Technology,North,4,0.1,3616.67,596.75
ORD-00701,2025-02-08,CUST-0005,Storage Box,Office Supplies,South,2,0.2,48.62,8.27
ORD-00702,2025-11-08,CUST-0331,Smartphone,Technology,North,1,0.1,591.3,97.56
ORD-00703,2025-10-25,CUST-0459,Desk Lamp,Furniture,East,5,0.0,295.37,47.26
ORD-00704,2025-09-20,CUST-0109,Storage Box,Office Supplies,West,3,0.0,96.77,27.1
ORD-00705,2025-06-22,CUST-0351,Printer Ink,Office Supplies,North,1,0.0,70.35,19.7
ORD-00706,2025-05-21,CUST-0337,Standing Desk,Furniture,West,4,0.15,1459.53,113.11
ORD-00707,2025-10-04,CUST-0009,Laptop Pro,Technology,North,3,0.05,2748.02,528.99
ORD-00708,2025-01-26,CUST-0421,Office Chair,Furniture,East,1,0.2,180.13,9.01
ORD-00709,2025-05-01,CUST-0084,Notebook Set,Office Supplies,West,2,0.05,36.42,9.2
ORD-00710,2025-06-01,CUST-0347,Office Chair,Furniture,East,5,0.1,998.97,104.89
ORD-00711,2025-12-13,CUST-0072,Storage Box,Office Supplies,South,2,0.2,49.58,8.43
ORD-00712,2025-06-01,CUST-0028,Wireless Headphones,Technology,South,1,0.05,120.41,23.18
ORD-00713,2025-06-16,CUST-0175,Wireless Headphones,Technology,South,1,0.0,125.94,27.71
ORD-00714,2025-06-13,CUST-0016,Notebook Set,Office Supplies,West,1,0.05,16.97,4.28
ORD-00715,2025-08-30,CUST-0252,Standing Desk,Furniture,West,2,0.1,715.84,75.16
ORD-00716,2025-04-18,CUST-0222,Office Chair,Furniture,South,1,0.1,197.14,20.7
ORD-00717,2025-05-29,CUST-0195,Smartphone,Technology,East,1,0.2,493.25,54.26
ORD-00718,2025-10-20,CUST-0409,Wireless Headphones,Technology,West,4,0.05,436.32,83.99
ORD-00719,2025-06-09,CUST-0138,Office Chair,Furniture,East,1,0.0,210.56,33.69
ORD-00720,2025-03-19,CUST-0079,Smartphone,Technology,South,2,0.2,1055.72,116.13
ORD-00721,2025-09-11,CUST-0047,Notebook Set,Office Supplies,South,1,0.0,19.4,5.43
ORD-00722,2025-10-18,CUST-0185,Laptop Pro,Technology,West,4,0.1,3526.78,581.92
ORD-00723,2025-11-19,CUST-0096,Standing Desk,Furniture,North,1,0.0,415.18,66.43
ORD-00724,2025-06-16,CUST-0263,Notebook Set,Office Supplies,South,1,0.15,15.77,3.11
ORD-00725,2025-10-07,CUST-0182,Notebook Set,Office Supplies,North,2,0.0,37.84,10.6
ORD-00726,2025-03-09,CUST-0402,Storage Box,Office Supplies,North,1,0.15,26.49,5.23
ORD-00727,2025-10-15,CUST-0150,Desk Lamp,Furniture,West,4,0.0,229.6,36.74
ORD-00728,2025-02-05,CUST-0372,Notebook Set,Office Supplies,South,5,0.0,92.09,25.79
ORD-00729,2025-06-13,CUST-0293,Storage Box,Office Supplies,West,1,0.0,31.49,8.82
ORD-00730,2025-12-19,CUST-0087,Storage Box,Office Supplies,North,1,0.1,28.08,6.32
ORD-00731,2025-07-15,CUST-0253,Smartphone,Technology,North,2,0.05,1238.77,238.46
ORD-00732,2025-05-10,CUST-0142,Smartphone,Technology,North,2,0.1,1226.23,202.33
ORD-00733,2025-01-27,CUST-0185,Notebook Set,Office Supplies,North,5,0.0,90.58,25.36
ORD-00734,2025-08-18,CUST-0321,Standing Desk,Furniture,West,5,0.2,1720.56,86.03
ORD-00735,2025-10-27,CUST-0235,Printer Ink,Office Supplies,East,2,0.0,148.96,41.71
ORD-00736,2025-12-08,CUST-0486,Wireless Headphones,Technology,North,3,0.0,334.21,73.53
ORD-00737,2025-06-21,CUST-0195,Notebook Set,Office Supplies,South,1,0.15,14.96,2.95
ORD-00738,2025-10-18,CUST-0418,Desk Lamp,Furniture,South,1,0.1,49.08,5.15
ORD-00739,2025-04-26,CUST-0486,Smartphone,Technology,South,5,0.15,2798.07,384.73
ORD-00740,2025-02-05,CUST-0494,Office Chair,Furniture,South,2,0.0,417.14,66.74
ORD-00741,2025-10-14,CUST-0377,Notebook Set,Office Supplies,West,4,0.05,65.13,16.45
ORD-00742,2025-07-27,CUST-0167,Printer Ink,Office Supplies,West,1,0.0,70.16,19.64
ORD-00743,2025-05-01,CUST-0187,Notebook Set,Office Supplies,North,4,0.1,67.46,15.18
ORD-00744,2025-05-25,CUST-0304,Wireless Headphones,Technology,West,5,0.0,615.83,135.48
ORD-00745,2025-01-03,CUST-0014,Storage Box,Office Supplies,North,5,0.15,133.44,26.35
ORD-00746,2025-10-06,CUST-0225,Printer Ink,Office Supplies,West,2,0.0,161.38,45.19
ORD-00747,2025-04-28,CUST-0420,Standing Desk,Furniture,West,2,0.0,871.88,139.5
ORD-00748,2025-09-05,CUST-0325,Notebook Set,Office Supplies,East,2,0.0,34.52,9.67
ORD-00749,2025-10-13,CUST-0079,Standing Desk,Furniture,North,2,0.2,628.23,31.41
ORD-00750,2025-08-19,CUST-0230,Notebook Set,Office Supplies,West,5,0.0,84.64,23.7
ORD-00751,2025-09-29,CUST-0260,Printer Ink,Office Supplies,East,2,0.15,133.25,26.32
ORD-00752,2025-08-14,CUST-0360,Notebook Set,Office Supplies,East,2,0.05,31.66,7.99
ORD-00753,2025-05-31,CUST-0056,Storage Box,Office Supplies,East,1,0.0,31.19,8.73
ORD-00754,2025-12-27,CUST-0086,Office Chair,Furniture,East,2,0.05,407.72,54.02
ORD-00755,2025-09-06,CUST-0347,Laptop Pro,Technology,East,1,0.2,761.18,83.73
ORD-00756,2025-11-19,CUST-0495,Notebook Set,Office Supplies,West,2,0.05,32.99,8.33
ORD-00757,2025-06-03,CUST-0133,Notebook Set,Office Supplies,North,2,0.0,38.15,10.68
ORD-00758,2025-09-19,CUST-0286,Office Chair,Furniture,South,1,0.15,195.57,15.16
ORD-00759,2025-05-23,CUST-0238,Office Chair,Furniture,South,3,0.1,600.33,63.03
ORD-00760,2025-09-01,CUST-0248,Storage Box,Office Supplies,North,1,0.0,32.01,8.96
ORD-00761,2025-02-18,CUST-0060,Wireless Headphones,Technology,North,1,0.0,120.76,26.57
ORD-00762,2025-10-18,CUST-0234,Smartphone,Technology,South,3,0.05,1964.53,378.17
ORD-00763,2025-06-07,CUST-0244,Office Chair,Furniture,East,3,0.05,657.69,87.14
ORD-00764,2025-12-02,CUST-0232,Wireless Headphones,Technology,South,4,0.2,372.0,40.92
ORD-00765,2025-03-14,CUST-0415,Desk Lamp,Furniture,North,4,0.0,216.58,34.65
ORD-00766,2025-03-07,CUST-0332,Wireless Headphones,Technology,North,1,0.05,117.56,22.63
ORD-00767,2025-07-25,CUST-0477,Wireless Headphones,Technology,East,2,0.0,242.8,53.42
ORD-00768,2025-09-23,CUST-0082,Office Chair,Furniture,South,1,0.15,189.25,14.67
ORD-00769,2025-09-10,CUST-0119,Desk Lamp,Furniture,East,3,0.1,144.07,15.13
ORD-00770,2025-04-05,CUST-0328,Notebook Set,Office Supplies,East,3,0.0,50.88,14.25
ORD-00771,2025-12-02,CUST-0315,Notebook Set,Office Supplies,South,3,0.2,45.48,7.73
ORD-00772,2025-01-25,CUST-0200,Office Chair,Furniture,South,2,0.1,387.61,40.7
ORD-00773,2025-01-25,CUST-0143,Laptop Pro,Technology,East,4,0.0,4081.57,897.95
ORD-00774,2025-01-12,CUST-0096,Wireless Headphones,Technology,East,5,0.15,479.16,65.88
ORD-00775,2025-04-02,CUST-0059,Desk Lamp,Furniture,South,2,0.1,105.91,11.12
ORD-00776,2025-01-20,CUST-0271,Standing Desk,Furniture,East,1,0.1,364.56,38.28
ORD-00777,2025-06-09,CUST-0201,Desk Lamp,Furniture,East,2,0.15,86.28,6.69
ORD-00778,2025-05-10,CUST-0317,Wireless Headphones,Technology,South,2,0.1,211.33,34.87
ORD-00779,2025-10-14,CUST-0410,Smartphone,Technology,West,1,0.2,525.36,57.79
ORD-00780,2025-09-23,CUST-0044,Standing Desk,Furniture,West,1,0.15,331.76,25.71
ORD-00781,2025-09-24,CUST-0157,Smartphone,Technology,South,1,0.0,604.01,132.88
ORD-00782,2025-02-25,CUST-0073,Wireless Headphones,Technology,North,4,0.2,413.72,45.51
ORD-00783,2025-03-24,CUST-0071,Storage Box,Office Supplies,South,1,0.15,25.64,5.06
ORD-00784,2025-11-25,CUST-0326,Notebook Set,Office Supplies,South,2,0.1,31.38,7.06
ORD-00785,2025-09-20,CUST-0477,Storage Box,Office Supplies,East,5,0.2,131.92,22.43
ORD-00786,2025-04-07,CUST-0148,Smartphone,Technology,East,2,0.1,1194.93,197.16
ORD-00787,2025-02-09,CUST-0318,Smartphone,Technology,North,1,0.1,559.98,92.4
ORD-00788,2025-11-04,CUST-0249,Laptop Pro,Technology,West,2,0.0,1937.66,426.29
ORD-00789,2025-05-04,CUST-0494,Smartphone,Technology,North,3,0.1,1734.24,286.15
ORD-00790,2025-03-04,CUST-0210,Storage Box,Office Supplies,South,2,0.1,61.16,13.76
ORD-00791,2025-03-03,CUST-0251,Printer Ink,Office Supplies,South,5,0.1,321.01,72.23
ORD-00792,2025-01-07,CUST-0408,Smartphone,Technology,North,1,0.0,641.07,141.04
ORD-00793,2025-01-14,CUST-0116,Office Chair,Furniture,North,4,0.05,867.25,114.91
ORD-00794,2025-03-27,CUST-0290,Storage Box,Office Supplies,North,2,0.1,53.09,11.95
ORD-00795,2025-03-03,CUST-0294,Printer Ink,Office Supplies,East,1,0.0,74.02,20.73
ORD-00796,2025-08-18,CUST-0422,Wireless Headphones,Technology,North,4,0.15,413.36,56.84
ORD-00797,2025-11-10,CUST-0390,Desk Lamp,Furniture,East,5,0.0,276.55,44.25
ORD-00798,2025-03-06,CUST-0053,Printer Ink,Office Supplies,East,2,0.1,124.46,28.0
ORD-00799,2025-08-30,CUST-0231,Office Chair,Furniture,North,2,0.0,473.5,75.76
ORD-00800,2025-12-04,CUST-0225,Standing Desk,Furniture,South,2,0.0,901.77,144.28
ORD-00801,2025-06-13,CUST-0108,Wireless Headphones,Technology,West,1,0.0,112.51,24.75
ORD-00802,2025-07-07,CUST-0324,Desk Lamp,Furniture,West,1,0.15,46.41,3.6
ORD-00803,2025-11-04,CUST-0402,Notebook Set,Office Supplies,North,5,0.0,84.21,23.58
ORD-00804,2025-10-09,CUST-0292,Office Chair,Furniture,West,3,0.0,623.05,99.69
ORD-00805,2025-02-21,CUST-0276,Desk Lamp,Furniture,East,5,0.15,242.63,18.8
ORD-00806,2025-08-20,CUST-0150,Smartphone,Technology,South,1,0.2,509.67,56.06
ORD-00807,2025-02-11,CUST-0461,Standing Desk,Furniture,East,2,0.15,766.12,59.37
ORD-00808,2025-04-23,CUST-0471,Wireless Headphones,Technology,North,1,0.1,101.13,16.69
ORD-00809,2025-04-30,CUST-0065,Laptop Pro,Technology,West,1,0.2,813.85,89.52
ORD-00810,2025-05-10,CUST-0165,Smartphone,Technology,North,2,0.2,969.52,106.65
ORD-00811,2025-04-07,CUST-0202,Office Chair,Furniture,West,1,0.2,188.12,9.41
ORD-00812,2025-08-20,CUST-0138,Printer Ink,Office Supplies,North,2,0.2,126.24,21.46
ORD-00813,2025-09-04,CUST-0325,Notebook Set,Office Supplies,South,1,0.0,17.67,4.95
ORD-00814,2025-08-02,CUST-0143,Wireless Headphones,Technology,South,5,0.2,459.03,50.49
ORD-00815,2025-12-09,CUST-0168,Desk Lamp,Furniture,South,5,0.1,262.65,27.58
ORD-00816,2025-03-10,CUST-0048,Laptop Pro,Technology,West,5,0.2,4096.87,450.66
ORD-00817,2025-03-28,CUST-0184,Printer Ink,Office Supplies,East,2,0.2,111.32,18.92
ORD-00818,2025-07-19,CUST-0112,Wireless Headphones,Technology,West,1,0.1,112.25,18.52
ORD-00819,2025-04-19,CUST-0138,Notebook Set,Office Supplies,West,1,0.1,15.09,3.4
ORD-00820,2025-06-01,CUST-0281,Desk Lamp,Furniture,West,1,0.05,56.07,7.43
ORD-00821,2025-10-04,CUST-0404,Smartphone,Technology,East,5,0.1,2856.32,471.29
ORD-00822,2025-08-16,CUST-0024,Desk Lamp,Furniture,West,1,0.0,59.14,9.46
ORD-00823,2025-07-30,CUST-0009,Wireless Headphones,Technology,East,4,0.1,451.62,74.52
ORD-00824,2025-02-20,CUST-0226,Wireless Headphones,Technology,West,1,0.0,118.31,26.03
ORD-00825,2025-09-18,CUST-0104,Printer Ink,Office Supplies,North,3,0.1,213.21,47.97
ORD-00826,2025-01-08,CUST-0082,Smartphone,Technology,West,5,0.05,3050.1,587.14
ORD-00827,2025-04-21,CUST-0129,Standing Desk,Furniture,North,5,0.05,1999.68,264.96
ORD-00828,2025-12-03,CUST-0085,Wireless Headphones,Technology,South,4,0.2,401.36,44.15
ORD-00829,2025-12-26,CUST-0372,Laptop Pro,Technology,South,1,0.05,971.23,186.96
ORD-00830,2025-02-18,CUST-0361,Office Chair,Furniture,South,2,0.0,448.1,71.7
ORD-00831,2025-03-19,CUST-0040,Wireless Headphones,Technology,North,1,0.1,110.49,18.23
ORD-00832,2025-04-29,CUST-0349,Smartphone,Technology,East,3,0.15,1762.47,242.34
ORD-00833,2025-09-23,CUST-0176,Printer Ink,Office Supplies,North,2,0.2,112.8,19.18
ORD-00834,2025-12-13,CUST-0356,Wireless Headphones,Technology,West,5,0.1,506.65,83.6
ORD-00835,2025-09-26,CUST-0197,Smartphone,Technology,South,2,0.0,1387.42,305.23
ORD-00836,2025-10-15,CUST-0053,Wireless Headphones,Technology,West,5,0.0,615.02,135.3
ORD-00837,2025-01-11,CUST-0071,Desk Lamp,Furniture,South,1,0.05,50.9,6.74
ORD-00838,2025-07-02,CUST-0329,Notebook Set,Office Supplies,West,1,0.0,17.63,4.94
ORD-00839,2025-11-11,CUST-0005,Smartphone,Technology,North,3,0.15,1641.43,225.7
ORD-00840,2025-04-24,CUST-0110,Smartphone,Technology,South,3,0.2,1503.54,165.39
ORD-00841,2025-08-01,CUST-0352,Smartphone,Technology,West,2,0.15,1051.51,144.58
ORD-00842,2025-06-23,CUST-0460,Printer Ink,Office Supplies,West,1,0.0,76.75,21.49
ORD-00843,2025-05-02,CUST-0302,Wireless Headphones,Technology,North,5,0.0,582.42,128.13
ORD-00844,2025-02-08,CUST-0162,Notebook Set,Office Supplies,South,1,0.1,15.57,3.5
ORD-00845,2025-01-18,CUST-0044,Smartphone,Technology,North,2,0.2,1082.44,119.07
ORD-00846,2025-05-29,CUST-0370,Office Chair,Furniture,East,3,0.15,591.7,45.86
ORD-00847,2025-12-26,CUST-0014,Standing Desk,Furniture,West,3,0.2,1052.59,52.63
ORD-00848,2025-08-24,CUST-0261,Standing Desk,Furniture,North,5,0.15,1692.87,131.2
ORD-00849,2025-03-27,CUST-0331,Office Chair,Furniture,West,3,0.05,675.62,89.52
ORD-00850,2025-01-22,CUST-0254,Laptop Pro,Technology,West,2,0.0,1761.12,387.45
ORD-00851,2025-09-15,CUST-0327,Notebook Set,Office Supplies,North,2,0.1,33.36,7.51
ORD-00852,2025-10-10,CUST-0185,Wireless Headphones,Technology,East,1,0.0,114.5,25.19
ORD-00853,2025-03-29,CUST-0216,Desk Lamp,Furniture,North,2,0.15,96.98,7.52
ORD-00854,2025-06-20,CUST-0391,Desk Lamp,Furniture,East,2,0.0,111.59,17.85
ORD-00855,2025-07-03,CUST-0009,Printer Ink,Office Supplies,West,1,0.0,72.57,20.32
ORD-00856,2025-01-19,CUST-0021,Wireless Headphones,Technology,North,4,0.0,494.51,108.79
ORD-00857,2025-10-22,CUST-0260,Laptop Pro,Technology,West,2,0.1,1747.29,288.3
ORD-00858,2025-05-08,CUST-0393,Standing Desk,Furniture,East,2,0.15,675.17,52.33
ORD-00859,2025-12-28,CUST-0043,Notebook Set,Office Supplies,South,1,0.1,14.93,3.36
ORD-00860,2025-05-09,CUST-0143,Storage Box,Office Supplies,East,2,0.0,66.32,18.57
ORD-00861,2025-04-14,CUST-0472,Wireless Headphones,Technology,South,1,0.15,100.39,13.8
ORD-00862,2025-12-28,CUST-0275,Office Chair,Furniture,West,1,0.0,209.58,33.53
ORD-00863,2025-01-10,CUST-0391,Desk Lamp,Furniture,South,2,0.2,91.28,4.56
ORD-00864,2025-08-19,CUST-0374,Wireless Headphones,Technology,South,1,0.1,102.61,16.93
ORD-00865,2025-04-22,CUST-0474,Office Chair,Furniture,North,2,0.0,442.72,70.84
ORD-00866,2025-03-27,CUST-0312,Notebook Set,Office Supplies,North,1,0.15,15.94,3.15
ORD-00867,2025-02-23,CUST-0337,Laptop Pro,Technology,South,2,0.2,1579.76,173.77
ORD-00868,2025-01-14,CUST-0071,Smartphone,Technology,North,1,0.2,558.11,61.39
ORD-00869,2025-01-20,CUST-0268,Laptop Pro,Technology,North,1,0.05,939.5,180.85
ORD-00870,2025-08-11,CUST-0133,Storage Box,Office Supplies,West,4,0.2,101.91,17.32
ORD-00871,2025-07-30,CUST-0400,Smartphone,Technology,South,2,0.2,977.55,107.53
ORD-00872,2025-04-21,CUST-0395,Standing Desk,Furniture,West,2,0.0,859.27,137.48
ORD-00873,2025-01-24,CUST-0140,Laptop Pro,Technology,South,3,0.1,2603.19,429.53
ORD-00874,2025-10-20,CUST-0500,Storage Box,Office Supplies,North,3,0.2,75.73,12.87
ORD-00875,2025-12-25,CUST-0185,Wireless Headphones,Technology,South,2,0.15,188.63,25.94
ORD-00876,2025-09-17,CUST-0086,Laptop Pro,Technology,South,2,0.15,1691.02,232.52
ORD-00877,2025-01-20,CUST-0458,Desk Lamp,Furniture,North,1,0.0,55.78,8.92
ORD-00878,2025-01-04,CUST-0002,Wireless Headphones,Technology,North,2,0.15,208.65,28.69
ORD-00879,2025-08-04,CUST-0126,Laptop Pro,Technology,West,2,0.0,1924.32,423.35
ORD-00880,2025-02-24,CUST-0472,Laptop Pro,Technology,South,2,0.1,1726.6,284.89
ORD-00881,2025-09-11,CUST-0284,Smartphone,Technology,North,5,0.0,3341.76,735.19
ORD-00882,2025-03-23,CUST-0214,Notebook Set,Office Supplies,North,1,0.0,17.34,4.86
ORD-00883,2025-03-01,CUST-0293,Desk Lamp,Furniture,North,1,0.0,54.98,8.8
ORD-00884,2025-07-30,CUST-0462,Desk Lamp,Furniture,North,3,0.2,136.13,6.81
ORD-00885,2025-03-17,CUST-0024,Laptop Pro,Technology,North,3,0.15,2609.31,358.78
ORD-00886,2025-04-27,CUST-0444,Notebook Set,Office Supplies,North,4,0.1,68.17,15.34
ORD-00887,2025-01-19,CUST-0168,Standing Desk,Furniture,West,5,0.05,1954.61,258.99
ORD-00888,2025-12-16,CUST-0189,Wireless Headphones,Technology,East,4,0.0,498.09,109.58
ORD-00889,2025-05-26,CUST-0379,Office Chair,Furniture,North,4,0.05,798.63,105.82
ORD-00890,2025-09-08,CUST-0498,Office Chair,Furniture,South,2,0.15,388.1,30.08
ORD-00891,2025-11-09,CUST-0376,Printer Ink,Office Supplies,West,2,0.0,145.19,40.65
ORD-00892,2025-06-10,CUST-0078,Storage Box,Office Supplies,West,1,0.0,32.7,9.16
ORD-00893,2025-05-28,CUST-0120,Laptop Pro,Technology,West,5,0.0,4505.47,991.2
ORD-00894,2025-07-17,CUST-0450,Storage Box,Office Supplies,South,4,0.2,107.97,18.35
ORD-00895,2025-03-16,CUST-0389,Laptop Pro,Technology,West,4,0.0,3843.7,845.61
ORD-00896,2025-11-21,CUST-0158,Notebook Set,Office Supplies,West,1,0.2,14.55,2.47
ORD-00897,2025-05-18,CUST-0215,Wireless Headphones,Technology,North,1,0.0,113.57,24.99
ORD-00898,2025-04-17,CUST-0365,Printer Ink,Office Supplies,West,1,0.0,76.03,21.29
ORD-00899,2025-04-28,CUST-0460,Standing Desk,Furniture,North,2,0.0,866.57,138.65
ORD-00900,2025-12-31,CUST-0235,Storage Box,Office Supplies,South,1,0.05,32.54,8.22
ORD-00901,2025-02-04,CUST-0069,Wireless Headphones,Technology,East,3,0.15,292.56,40.23
ORD-00902,2025-03-10,CUST-0032,Notebook Set,Office Supplies,North,2,0.15,30.41,6.01
ORD-00903,2025-02-18,CUST-0122,Notebook Set,Office Supplies,East,2,0.0,35.76,10.01
ORD-00904,2025-09-18,CUST-0475,Standing Desk,Furniture,North,2,0.05,751.2,99.53
ORD-00905,2025-09-17,CUST-0168,Notebook Set,Office Supplies,East,3,0.2,44.78,7.61
ORD-00906,2025-05-09,CUST-0039,Desk Lamp,Furniture,South,5,0.0,285.1,45.62
ORD-00907,2025-11-22,CUST-0056,Office Chair,Furniture,North,1,0.15,176.79,13.7
ORD-00908,2025-11-12,CUST-0239,Smartphone,Technology,North,2,0.1,1101.74,181.79
ORD-00909,2025-01-31,CUST-0184,Desk Lamp,Furniture,South,2,0.15,95.85,7.43
ORD-00910,2025-02-05,CUST-0136,Office Chair,Furniture,South,2,0.1,368.69,38.71
ORD-00911,2025-12-30,CUST-0156,Wireless Headphones,Technology,North,1,0.2,92.65,10.19
ORD-00912,2025-08-08,CUST-0076,Laptop Pro,Technology,North,4,0.05,3463.85,666.79
ORD-00913,2025-08-08,CUST-0203,Wireless Headphones,Technology,East,3,0.05,328.3,63.2
ORD-00914,2025-12-02,CUST-0134,Storage Box,Office Supplies,North,5,0.05,158.31,39.97
ORD-00915,2025-04-16,CUST-0438,Smartphone,Technology,North,1,0.1,610.9,100.8
ORD-00916,2025-02-13,CUST-0128,Printer Ink,Office Supplies,East,1,0.15,63.62,12.56
ORD-00917,2025-07-03,CUST-0063,Wireless Headphones,Technology,South,1,0.0,111.6,24.55
ORD-00918,2025-09-07,CUST-0067,Laptop Pro,Technology,North,1,0.0,895.17,196.94
ORD-00919,2025-07-15,CUST-0352,Office Chair,Furniture,West,1,0.05,206.03,27.3
ORD-00920,2025-01-07,CUST-0470,Wireless Headphones,Technology,East,3,0.05,363.88,70.05
ORD-00921,2025-06-09,CUST-0102,Wireless Headphones,Technology,North,5,0.0,604.64,133.02
ORD-00922,2025-05-23,CUST-0464,Printer Ink,Office Supplies,West,5,0.0,401.21,112.34
ORD-00923,2025-06-03,CUST-0026,Desk Lamp,Furniture,North,2,0.1,103.56,10.87
ORD-00924,2025-05-22,CUST-0421,Smartphone,Technology,West,1,0.1,584.48,96.44
ORD-00925,2025-01-21,CUST-0350,Notebook Set,Office Supplies,South,1,0.1,15.28,3.44
ORD-00926,2025-03-28,CUST-0466,Notebook Set,Office Supplies,North,1,0.0,17.11,4.79
ORD-00927,2025-11-01,CUST-0453,Smartphone,Technology,North,1,0.1,567.09,93.57
ORD-00928,2025-12-07,CUST-0316,Smartphone,Technology,North,5,0.15,2969.07,408.25
ORD-00929,2025-06-10,CUST-0211,Office Chair,Furniture,East,1,0.1,204.97,21.52
ORD-00930,2025-11-23,CUST-0144,Storage Box,Office Supplies,South,3,0.0,96.94,27.14
ORD-00931,2025-03-22,CUST-0330,Notebook Set,Office Supplies,North,5,0.0,84.45,23.65
ORD-00932,2025-12-20,CUST-0407,Storage Box,Office Supplies,North,2,0.15,56.34,11.13
ORD-00933,2025-06-18,CUST-0184,Laptop Pro,Technology,West,4,0.2,3141.09,345.52
ORD-00934,2025-01-17,CUST-0177,Printer Ink,Office Supplies,East,1,0.1,62.98,14.17
ORD-00935,2025-07-17,CUST-0093,Storage Box,Office Supplies,South,1,0.05,30.33,7.66
ORD-00936,2025-12-07,CUST-0016,Laptop Pro,Technology,South,2,0.0,2035.49,447.81
ORD-00937,2025-04-22,CUST-0272,Standing Desk,Furniture,North,1,0.1,388.22,40.76
ORD-00938,2025-04-08,CUST-0499,Desk Lamp,Furniture,West,5,0.0,271.12,43.38
ORD-00939,2025-05-05,CUST-0124,Smartphone,Technology,North,4,0.2,2095.12,230.46
ORD-00940,2025-12-10,CUST-0029,Standing Desk,Furniture,East,4,0.2,1346.69,67.33
ORD-00941,2025-02-28,CUST-0182,Office Chair,Furniture,East,1,0.1,213.14,22.38
ORD-00942,2025-08-31,CUST-0163,Smartphone,Technology,North,4,0.15,2209.03,303.74
ORD-00943,2025-02-01,CUST-0361,Desk Lamp,Furniture,West,4,0.0,233.1,37.3
ORD-00944,2025-06-03,CUST-0073,Desk Lamp,Furniture,West,4,0.15,194.73,15.09
ORD-00945,2025-08-02,CUST-0278,Office Chair,Furniture,West,4,0.1,754.6,79.23
ORD-00946,2025-08-01,CUST-0047,Standing Desk,Furniture,North,4,0.0,1782.03,285.12
ORD-00947,2025-04-02,CUST-0011,Laptop Pro,Technology,North,3,0.0,2730.89,600.8
ORD-00948,2025-06-17,CUST-0470,Storage Box,Office Supplies,South,1,0.05,31.62,7.98
ORD-00949,2025-03-07,CUST-0368,Office Chair,Furniture,West,1,0.05,195.43,25.89
ORD-00950,2025-02-13,CUST-0031,Smartphone,Technology,West,1,0.05,606.7,116.79
ORD-00951,2025-08-15,CUST-0470,Laptop Pro,Technology,North,3,0.2,2233.28,245.66
ORD-00952,2025-10-06,CUST-0441,Smartphone,Technology,West,1,0.15,543.43,74.72
ORD-00953,2025-07-16,CUST-0361,Desk Lamp,Furniture,West,1,0.05,49.71,6.59
ORD-00954,2025-09-25,CUST-0155,Notebook Set,Office Supplies,East,1,0.05,15.99,4.04
ORD-00955,2025-10-24,CUST-0375,Desk Lamp,Furniture,North,2,0.0,106.07,16.97
ORD-00956,2025-03-13,CUST-0333,Notebook Set,Office Supplies,West,4,0.1,66.28,14.91
ORD-00957,2025-08-26,CUST-0356,Desk Lamp,Furniture,North,5,0.15,234.51,18.17
ORD-00958,2025-11-12,CUST-0418,Desk Lamp,Furniture,North,2,0.15,94.36,7.31
ORD-00959,2025-09-20,CUST-0353,Smartphone,Technology,South,5,0.2,2748.59,302.34
ORD-00960,2025-09-16,CUST-0001,Standing Desk,Furniture,North,1,0.2,324.01,16.2
ORD-00961,2025-02-09,CUST-0017,Notebook Set,Office Supplies,West,3,0.15,43.26,8.54
ORD-00962,2025-05-09,CUST-0114,Smartphone,Technology,East,4,0.15,2098.34,288.52
ORD-00963,2025-04-11,CUST-0170,Wireless Headphones,Technology,West,5,0.0,614.81,135.26
ORD-00964,2025-04-17,CUST-0086,Wireless Headphones,Technology,North,2,0.05,225.82,43.47
ORD-00965,2025-09-03,CUST-0328,Wireless Headphones,Technology,West,1,0.2,101.87,11.21
ORD-00966,2025-01-12,CUST-0108,Desk Lamp,Furniture,South,1,0.05,52.29,6.93
ORD-00967,2025-01-16,CUST-0132,Office Chair,Furniture,East,1,0.05,206.25,27.33
ORD-00968,2025-01-21,CUST-0198,Wireless Headphones,Technology,West,3,0.0,367.76,80.91
ORD-00969,2025-09-17,CUST-0453,Printer Ink,Office Supplies,West,2,0.0,159.17,44.57
ORD-00970,2025-08-11,CUST-0180,Notebook Set,Office Supplies,South,1,0.1,15.32,3.45
ORD-00971,2025-10-10,CUST-0404,Storage Box,Office Supplies,South,2,0.1,58.15,13.08
ORD-00972,2025-12-19,CUST-0410,Office Chair,Furniture,North,2,0.0,455.44,72.87
ORD-00973,2025-06-03,CUST-0134,Laptop Pro,Technology,North,3,0.05,2655.09,511.1
ORD-00974,2025-08-15,CUST-0455,Wireless Headphones,Technology,North,2,0.0,233.73,51.42
ORD-00975,2025-09-22,CUST-0281,Notebook Set,Office Supplies,North,2,0.0,38.41,10.75
ORD-00976,2025-05-14,CUST-0458,Wireless Headphones,Technology,South,1,0.15,106.24,14.61
ORD-00977,2025-12-30,CUST-0483,Printer Ink,Office Supplies,East,2,0.1,130.98,29.47
ORD-00978,2025-08-04,CUST-0081,Smartphone,Technology,East,1,0.1,614.88,101.46
ORD-00979,2025-03-17,CUST-0499,Laptop Pro,Technology,North,2,0.0,1907.73,419.7
ORD-00980,2025-10-04,CUST-0370,Office Chair,Furniture,South,2,0.15,393.51,30.5
ORD-00981,2025-07-09,CUST-0153,Storage Box,Office Supplies,North,1,0.05,29.13,7.36
ORD-00982,2025-06-29,CUST-0293,Office Chair,Furniture,North,1,0.1,193.18,20.28
ORD-00983,2025-12-04,CUST-0028,Storage Box,Office Supplies,West,1,0.0,32.58,9.12
ORD-00984,2025-10-06,CUST-0151,Desk Lamp,Furniture,North,5,0.0,278.4,44.54
ORD-00985,2025-09-30,CUST-0106,Printer Ink,Office Supplies,North,2,0.0,157.35,44.06
ORD-00986,2025-12-16,CUST-0243,Smartphone,Technology,East,4,0.0,2497.65,549.48
ORD-00987,2025-10-16,CUST-0242,Wireless Headphones,Technology,South,2,0.1,224.27,37.0
ORD-00988,2025-03-07,CUST-0047,Printer Ink,Office Supplies,West,1,0.05,73.37,18.53
ORD-00989,2025-06-05,CUST-0454,Storage Box,Office Supplies,South,4,0.05,115.27,29.11
ORD-00990,2025-07-20,CUST-0023,Notebook Set,Office Supplies,South,2,0.1,30.99,6.97
ORD-00991,2025-09-04,CUST-0116,Standing Desk,Furniture,South,4,0.05,1488.0,197.16
ORD-00992,2025-03-08,CUST-0386,Standing Desk,Furniture,East,2,0.0,889.24,142.28
ORD-00993,2025-10-30,CUST-0414,Wireless Headphones,Technology,North,3,0.05,334.36,64.36
ORD-00994,2025-01-21,CUST-0117,Storage Box,Office Supplies,South,1,0.15,28.35,5.6
ORD-00995,2025-10-29,CUST-0420,Storage Box,Office Supplies,North,2,0.1,61.64,13.87
ORD-00996,2025-02-08,CUST-0352,Storage Box,Office Supplies,South,1,0.15,28.46,5.62
ORD-00997,2025-11-29,CUST-0244,Printer Ink,Office Supplies,East,4,0.0,288.49,80.78
ORD-00998,2025-08-13,CUST-0018,Standing Desk,Furniture,North,3,0.2,1035.54,51.78
ORD-00999,2025-04-01,CUST-0410,Storage Box,Office Supplies,East,1,0.15,26.97,5.33
ORD-01000,2025-02-07,CUST-0089,Smartphone,Technology,North,3,0.1,1857.37,306.47
ORD-01001,2025-11-24,CUST-0065,Smartphone,Technology,West,3,0.0,1912.68,420.79
ORD-01002,2025-01-30,CUST-0223,Laptop Pro,Technology,South,4,0.2,2850.65,313.57
ORD-01003,2025-03-25,CUST-0076,Office Chair,Furniture,West,1,0.2,163.1,8.15
ORD-01004,2025-12-10,CUST-0469,Standing Desk,Furniture,South,3,0.2,1075.43,53.77
ORD-01005,2025-08-03,CUST-0204,Wireless Headphones,Technology,North,3,0.15,323.54,44.49
ORD-01006,2025-03-24,CUST-0267,Storage Box,Office Supplies,South,3,0.05,97.19,24.54
ORD-01007,2025-10-02,CUST-0403,Printer Ink,Office Supplies,West,1,0.0,79.07,22.14
ORD-01008,2025-06-22,CUST-0213,Storage Box,Office Supplies,West,4,0.0,130.49,36.54
ORD-01009,2025-03-14,CUST-0299,Smartphone,Technology,North,1,0.15,563.84,77.53
ORD-01010,2025-05-01,CUST-0400,Wireless Headphones,Technology,West,2,0.15,208.41,28.66
ORD-01011,2025-04-30,CUST-0451,Wireless Headphones,Technology,West,3,0.15,287.41,39.52
ORD-01012,2025-06-13,CUST-0197,Desk Lamp,Furniture,West,5,0.05,251.36,33.31
ORD-01013,2025-09-22,CUST-0020,Printer Ink,Office Supplies,East,5,0.1,341.13,76.75
ORD-01014,2025-11-04,CUST-0317,Smartphone,Technology,North,1,0.0,683.75,150.43
ORD-01015,2025-11-05,CUST-0354,Notebook Set,Office Supplies,North,1,0.05,16.35,4.13
ORD-01016,2025-11-30,CUST-0472,Office Chair,Furniture,North,3,0.1,603.39,63.36
ORD-01017,2025-03-09,CUST-0173,Standing Desk,Furniture,West,2,0.0,887.34,141.97
ORD-01018,2025-12-27,CUST-0440,Standing Desk,Furniture,South,2,0.1,767.28,80.56
ORD-01019,2025-04-30,CUST-0069,Wireless Headphones,Technology,West,4,0.0,489.69,107.73
ORD-01020,2025-01-16,CUST-0397,Standing Desk,Furniture,West,2,0.1,796.9,83.67
ORD-01021,2025-06-07,CUST-0310,Desk Lamp,Furniture,North,2,0.1,100.31,10.53
ORD-01022,2025-03-05,CUST-0468,Wireless Headphones,Technology,North,3,0.0,380.49,83.71
ORD-01023,2025-09-12,CUST-0445,Notebook Set,Office Supplies,West,2,0.15,28.46,5.62
ORD-01024,2025-10-03,CUST-0406,Desk Lamp,Furniture,West,2,0.15,94.98,7.36
ORD-01025,2025-07-20,CUST-0260,Smartphone,Technology,North,2,0.2,962.23,105.85
ORD-01026,2025-02-04,CUST-0451,Notebook Set,Office Supplies,North,1,0.15,14.23,2.81
ORD-01027,2025-03-06,CUST-0429,Laptop Pro,Technology,North,5,0.0,4763.26,1047.92
ORD-01028,2025-11-28,CUST-0026,Laptop Pro,Technology,North,3,0.1,2538.16,418.8
ORD-01029,2025-02-16,CUST-0189,Desk Lamp,Furniture,East,4,0.05,212.41,28.14
ORD-01030,2025-01-26,CUST-0473,Printer Ink,Office Supplies,South,2,0.2,118.91,20.21
ORD-01031,2025-08-20,CUST-0191,Wireless Headphones,Technology,East,2,0.0,245.04,53.91
ORD-01032,2025-10-03,CUST-0492,Printer Ink,Office Supplies,East,1,0.0,77.43,21.68
ORD-01033,2025-05-12,CUST-0177,Printer Ink,Office Supplies,East,4,0.05,285.56,72.1
ORD-01034,2025-01-28,CUST-0384,Smartphone,Technology,West,2,0.05,1212.18,233.34
ORD-01035,2025-03-08,CUST-0026,Wireless Headphones,Technology,North,3,0.1,311.7,51.43
ORD-01036,2025-06-11,CUST-0439,Smartphone,Technology,West,1,0.0,675.33,148.57
ORD-01037,2025-09-14,CUST-0106,Office Chair,Furniture,East,5,0.2,898.88,44.94
ORD-01038,2025-09-19,CUST-0011,Standing Desk,Furniture,East,3,0.15,1028.91,79.74
ORD-01039,2025-03-02,CUST-0332,Laptop Pro,Technology,South,2,0.0,1931.64,424.96
ORD-01040,2025-10-10,CUST-0115,Smartphone,Technology,East,5,0.0,3114.21,685.13
ORD-01041,2025-12-28,CUST-0365,Standing Desk,Furniture,East,1,0.05,395.84,52.45
ORD-01042,2025-04-19,CUST-0437,Standing Desk,Furniture,South,1,0.1,385.41,40.47
ORD-01043,2025-05-22,CUST-0239,Desk Lamp,Furniture,South,1,0.0,54.54,8.73
ORD-01044,2025-12-06,CUST-0204,Standing Desk,Furniture,East,5,0.15,1810.95,140.35
ORD-01045,2025-07-08,CUST-0495,Wireless Headphones,Technology,North,3,0.2,304.32,33.48
ORD-01046,2025-07-09,CUST-0312,Desk Lamp,Furniture,East,5,0.15,216.42,16.77
ORD-01047,2025-12-19,CUST-0247,Standing Desk,Furniture,North,1,0.0,417.5,66.8
ORD-01048,2025-09-02,CUST-0328,Wireless Headphones,Technology,South,1,0.05,108.87,20.96
ORD-01049,2025-04-16,CUST-0336,Desk Lamp,Furniture,West,1,0.05,48.44,6.42
ORD-01050,2025-08-21,CUST-0392,Standing Desk,Furniture,North,1,0.15,375.09,29.07
ORD-01051,2025-11-01,CUST-0207,Office Chair,Furniture,West,1,0.15,196.52,15.23
ORD-01052,2025-10-04,CUST-0014,Desk Lamp,Furniture,East,1,0.2,46.67,2.33
ORD-01053,2025-07-02,CUST-0465,Printer Ink,Office Supplies,West,1,0.05,65.89,16.64
ORD-01054,2025-07-11,CUST-0019,Notebook Set,Office Supplies,South,1,0.2,13.35,2.27
ORD-01055,2025-11-29,CUST-0114,Office Chair,Furniture,South,4,0.2,678.63,33.93
ORD-01056,2025-01-01,CUST-0465,Storage Box,Office Supplies,East,5,0.1,142.2,32.0
ORD-01057,2025-11-28,CUST-0431,Desk Lamp,Furniture,South,5,0.0,292.93,46.87
ORD-01058,2025-04-19,CUST-0242,Storage Box,Office Supplies,North,2,0.0,65.79,18.42
ORD-01059,2025-10-28,CUST-0414,Smartphone,Technology,West,1,0.2,557.86,61.36
ORD-01060,2025-09-07,CUST-0485,Storage Box,Office Supplies,West,2,0.0,58.9,16.49
ORD-01061,2025-12-13,CUST-0182,Desk Lamp,Furniture,East,3,0.0,153.15,24.5
ORD-01062,2025-08-03,CUST-0216,Office Chair,Furniture,West,1,0.05,212.47,28.15
ORD-01063,2025-12-04,CUST-0151,Desk Lamp,Furniture,South,1,0.15,43.87,3.4
ORD-01064,2025-06-10,CUST-0028,Printer Ink,Office Supplies,West,4,0.1,277.03,62.33
ORD-01065,2025-05-27,CUST-0257,Wireless Headphones,Technology,South,4,0.0,473.78,104.23
ORD-01066,2025-03-25,CUST-0272,Wireless Headphones,Technology,West,1,0.1,100.59,16.6
ORD-01067,2025-08-31,CUST-0071,Standing Desk,Furniture,South,4,0.0,1747.16,279.55
ORD-01068,2025-09-15,CUST-0458,Office Chair,Furniture,South,4,0.15,765.48,59.32
ORD-01069,2025-07-21,CUST-0093,Printer Ink,Office Supplies,North,1,0.2,63.73,10.83
ORD-01070,2025-09-23,CUST-0091,Wireless Headphones,Technology,South,3,0.2,294.27,32.37
ORD-01071,2025-04-28,CUST-0232,Desk Lamp,Furniture,East,1,0.0,55.99,8.96
ORD-01072,2025-01-28,CUST-0296,Standing Desk,Furniture,North,1,0.0,435.05,69.61
ORD-01073,2025-06-04,CUST-0067,Smartphone,Technology,South,2,0.0,1383.71,304.42
ORD-01074,2025-06-15,CUST-0220,Notebook Set,Office Supplies,East,1,0.1,16.29,3.67
ORD-01075,2025-10-23,CUST-0274,Printer Ink,Office Supplies,South,1,0.0,69.14,19.36
ORD-01076,2025-09-25,CUST-0457,Office Chair,Furniture,West,1,0.0,218.2,34.91
ORD-01077,2025-11-07,CUST-0098,Desk Lamp,Furniture,West,2,0.15,91.99,7.13
ORD-01078,2025-12-23,CUST-0376,Laptop Pro,Technology,East,2,0.2,1594.91,175.44
ORD-01079,2025-05-07,CUST-0160,Office Chair,Furniture,North,4,0.05,831.53,110.18
ORD-01080,2025-10-21,CUST-0302,Smartphone,Technology,North,2,0.15,1085.09,149.2
ORD-01081,2025-04-17,CUST-0153,Standing Desk,Furniture,North,1,0.0,413.54,66.17
ORD-01082,2025-03-14,CUST-0306,Standing Desk,Furniture,South,2,0.15,755.33,58.54
ORD-01083,2025-01-30,CUST-0069,Storage Box,Office Supplies,South,2,0.2,48.96,8.32
ORD-01084,2025-10-15,CUST-0184,Desk Lamp,Furniture,West,1,0.1,49.1,5.16
ORD-01085,2025-06-21,CUST-0010,Office Chair,Furniture,North,4,0.1,824.86,86.61
ORD-01086,2025-01-23,CUST-0109,Office Chair,Furniture,North,5,0.0,1168.58,186.97
ORD-01087,2025-06-09,CUST-0064,Laptop Pro,Technology,East,1,0.0,930.25,204.66
ORD-01088,2025-04-28,CUST-0193,Desk Lamp,Furniture,East,2,0.0,108.12,17.3
ORD-01089,2025-06-16,CUST-0025,Standing Desk,Furniture,West,1,0.15,337.97,26.19
ORD-01090,2025-01-07,CUST-0429,Laptop Pro,Technology,East,2,0.2,1409.29,155.02
ORD-01091,2025-11-17,CUST-0214,Laptop Pro,Technology,North,1,0.0,1017.89,223.94
ORD-01092,2025-10-02,CUST-0130,Printer Ink,Office Supplies,South,2,0.15,127.85,25.25
ORD-01093,2025-05-06,CUST-0356,Printer Ink,Office Supplies,East,1,0.0,72.73,20.36
ORD-01094,2025-10-21,CUST-0052,Laptop Pro,Technology,South,5,0.2,3864.31,425.07
ORD-01095,2025-06-25,CUST-0359,Storage Box,Office Supplies,North,2,0.15,55.1,10.88
ORD-01096,2025-11-17,CUST-0262,Smartphone,Technology,South,4,0.0,2678.32,589.23
ORD-01097,2025-12-31,CUST-0255,Wireless Headphones,Technology,North,1,0.0,119.72,26.34
ORD-01098,2025-12-10,CUST-0426,Office Chair,Furniture,East,1,0.05,210.07,27.83
ORD-01099,2025-02-14,CUST-0361,Storage Box,Office Supplies,West,2,0.05,56.9,14.37
ORD-01100,2025-12-29,CUST-0281,Notebook Set,Office Supplies,North,5,0.0,88.76,24.85
ORD-01101,2025-02-20,CUST-0478,Printer Ink,Office Supplies,West,1,0.2,58.21,9.9
ORD-01102,2025-05-05,CUST-0007,Printer Ink,Office Supplies,South,4,0.0,299.42,83.84
ORD-01103,2025-05-02,CUST-0343,Wireless Headphones,Technology,West,2,0.15,199.77,27.47
ORD-01104,2025-05-04,CUST-0400,Printer Ink,Office Supplies,North,2,0.0,149.38,41.83
ORD-01105,2025-05-14,CUST-0052,Storage Box,Office Supplies,North,2,0.2,55.25,9.39
ORD-01106,2025-07-20,CUST-0152,Standing Desk,Furniture,East,1,0.1,353.09,37.07
ORD-01107,2025-02-28,CUST-0417,Standing Desk,Furniture,South,4,0.0,1586.35,253.82
ORD-01108,2025-04-19,CUST-0185,Smartphone,Technology,West,5,0.05,3008.65,579.17
ORD-01109,2025-03-09,CUST-0049,Desk Lamp,Furniture,South,2,0.0,103.91,16.63
ORD-01110,2025-11-01,CUST-0340,Laptop Pro,Technology,North,2,0.0,1912.68,420.79
ORD-01111,2025-12-08,CUST-0490,Smartphone,Technology,South,2,0.1,1232.46,203.36
ORD-01112,2025-02-11,CUST-0191,Standing Desk,Furniture,West,1,0.0,403.83,64.61
ORD-01113,2025-02-20,CUST-0205,Desk Lamp,Furniture,North,1,0.1,46.0,4.83
ORD-01114,2025-01-21,CUST-0354,Printer Ink,Office Supplies,North,2,0.1,142.14,31.98
ORD-01115,2025-11-20,CUST-0454,Printer Ink,Office Supplies,West,1,0.2,56.79,9.65
ORD-01116,2025-10-07,CUST-0372,Smartphone,Technology,North,2,0.2,1030.69,113.38
ORD-01117,2025-04-21,CUST-0054,Laptop Pro,Technology,West,1,0.0,948.31,208.63
ORD-01118,2025-09-30,CUST-0411,Notebook Set,Office Supplies,West,1,0.1,17.19,3.87
ORD-01119,2025-04-14,CUST-0399,Printer Ink,Office Supplies,North,3,0.1,204.75,46.07
ORD-01120,2025-09-07,CUST-0451,Desk Lamp,Furniture,East,1,0.2,41.9,2.09
ORD-01121,2025-12-07,CUST-0058,Smartphone,Technology,South,5,0.1,2709.47,447.06
ORD-01122,2025-05-25,CUST-0134,Notebook Set,Office Supplies,South,2,0.0,36.25,10.15
ORD-01123,2025-05-27,CUST-0269,Desk Lamp,Furniture,North,4,0.2,189.07,9.45
ORD-01124,2025-04-27,CUST-0448,Office Chair,Furniture,West,1,0.2,182.26,9.11
ORD-01125,2025-06-22,CUST-0359,Desk Lamp,Furniture,South,4,0.2,186.42,9.32
ORD-01126,2025-05-29,CUST-0128,Wireless Headphones,Technology,South,3,0.2,301.39,33.15
ORD-01127,2025-01-05,CUST-0329,Printer Ink,Office Supplies,South,1,0.2,61.74,10.5
ORD-01128,2025-02-15,CUST-0457,Notebook Set,Office Supplies,North,1,0.15,16.39,3.24
ORD-01129,2025-01-17,CUST-0259,Laptop Pro,Technology,North,1,0.0,944.33,207.75
ORD-01130,2025-10-31,CUST-0039,Printer Ink,Office Supplies,West,2,0.0,149.6,41.89
ORD-01131,2025-12-18,CUST-0497,Printer Ink,Office Supplies,South,3,0.05,216.78,54.74
ORD-01132,2025-09-07,CUST-0282,Standing Desk,Furniture,North,2,0.0,811.21,129.79
ORD-01133,2025-08-04,CUST-0041,Notebook Set,Office Supplies,South,4,0.0,70.69,19.79
ORD-01134,2025-07-22,CUST-0230,Printer Ink,Office Supplies,South,5,0.15,318.36,62.88
ORD-01135,2025-08-30,CUST-0162,Wireless Headphones,Technology,West,1,0.1,114.32,18.86
ORD-01136,2025-08-07,CUST-0335,Wireless Headphones,Technology,West,1,0.2,95.13,10.46
ORD-01137,2025-06-24,CUST-0019,Laptop Pro,Technology,North,4,0.1,3470.02,572.55
ORD-01138,2025-12-31,CUST-0406,Storage Box,Office Supplies,East,1,0.0,30.47,8.53
ORD-01139,2025-11-25,CUST-0106,Standing Desk,Furniture,West,5,0.15,1886.09,146.17
ORD-01140,2025-12-03,CUST-0423,Printer Ink,Office Supplies,West,1,0.05,75.21,18.99
ORD-01141,2025-12-18,CUST-0170,Laptop Pro,Technology,West,5,0.1,3975.72,655.99
ORD-01142,2025-10-21,CUST-0243,Storage Box,Office Supplies,West,1,0.15,26.98,5.33
ORD-01143,2025-01-13,CUST-0050,Desk Lamp,Furniture,East,4,0.0,224.46,35.91
ORD-01144,2025-10-14,CUST-0425,Office Chair,Furniture,North,4,0.05,771.68,102.25
ORD-01145,2025-01-22,CUST-0360,Standing Desk,Furniture,East,2,0.05,738.06,97.79
ORD-01146,2025-11-19,CUST-0253,Wireless Headphones,Technology,North,3,0.0,361.57,79.55
ORD-01147,2025-11-16,CUST-0370,Smartphone,Technology,West,3,0.2,1596.06,175.57
ORD-01148,2025-07-23,CUST-0101,Notebook Set,Office Supplies,North,1,0.15,14.89,2.94
ORD-01149,2025-02-04,CUST-0111,Office Chair,Furniture,North,5,0.1,994.53,104.43
ORD-01150,2025-08-10,CUST-0367,Printer Ink,Office Supplies,West,4,0.0,323.55,90.59
ORD-01151,2025-09-21,CUST-0024,Desk Lamp,Furniture,North,1,0.1,52.1,5.47
ORD-01152,2025-11-23,CUST-0235,Wireless Headphones,Technology,West,3,0.1,298.82,49.31
ORD-01153,2025-03-06,CUST-0003,Storage Box,Office Supplies,North,2,0.1,60.68,13.65
ORD-01154,2025-01-01,CUST-0479,Storage Box,Office Supplies,West,4,0.15,102.58,20.26
ORD-01155,2025-08-20,CUST-0474,Notebook Set,Office Supplies,West,5,0.1,84.49,19.01
ORD-01156,2025-05-08,CUST-0355,Storage Box,Office Supplies,West,1,0.0,33.36,9.34
ORD-01157,2025-06-13,CUST-0054,Smartphone,Technology,West,1,0.0,661.81,145.6
ORD-01158,2025-04-14,CUST-0452,Notebook Set,Office Supplies,East,4,0.15,61.08,12.06
ORD-01159,2025-09-17,CUST-0215,Desk Lamp,Furniture,South,3,0.1,137.2,14.41
ORD-01160,2025-03-16,CUST-0497,Office Chair,Furniture,North,1,0.05,210.64,27.91
ORD-01161,2025-07-07,CUST-0071,Standing Desk,Furniture,South,2,0.0,900.17,144.03
ORD-01162,2025-10-17,CUST-0263,Notebook Set,Office Supplies,East,2,0.2,30.9,5.25
ORD-01163,2025-05-03,CUST-0441,Standing Desk,Furniture,West,3,0.15,1036.65,80.34
ORD-01164,2025-05-25,CUST-0324,Desk Lamp,Furniture,East,4,0.15,197.23,15.29
ORD-01165,2025-05-24,CUST-0366,Office Chair,Furniture,North,3,0.15,520.63,40.35
ORD-01166,2025-01-13,CUST-0068,Standing Desk,Furniture,East,5,0.2,1624.97,81.25
ORD-01167,2025-10-17,CUST-0327,Smartphone,Technology,South,4,0.2,2047.15,225.19
ORD-01168,2025-08-03,CUST-0288,Desk Lamp,Furniture,East,3,0.05,148.03,19.61
ORD-01169,2025-02-24,CUST-0364,Printer Ink,Office Supplies,East,1,0.2,55.41,9.42
ORD-01170,2025-08-19,CUST-0147,Notebook Set,Office Supplies,East,2,0.15,32.28,6.38
ORD-01171,2025-08-21,CUST-0055,Notebook Set,Office Supplies,West,3,0.15,49.42,9.76
ORD-01172,2025-01-21,CUST-0344,Laptop Pro,Technology,South,1,0.0,928.39,204.25
ORD-01173,2025-11-09,CUST-0147,Laptop Pro,Technology,North,1,0.0,892.68,196.39
ORD-01174,2025-12-03,CUST-0354,Standing Desk,Furniture,North,4,0.0,1680.83,268.93
ORD-01175,2025-03-15,CUST-0017,Standing Desk,Furniture,North,1,0.15,375.36,29.09
ORD-01176,2025-02-23,CUST-0316,Desk Lamp,Furniture,West,2,0.0,112.41,17.99
ORD-01177,2025-01-14,CUST-0332,Storage Box,Office Supplies,West,1,0.2,26.48,4.5
ORD-01178,2025-02-22,CUST-0402,Storage Box,Office Supplies,South,5,0.15,131.43,25.96
ORD-01179,2025-01-30,CUST-0475,Standing Desk,Furniture,East,4,0.0,1577.84,252.45
ORD-01180,2025-02-28,CUST-0161,Notebook Set,Office Supplies,South,4,0.2,59.63,10.14
ORD-01181,2025-01-12,CUST-0129,Storage Box,Office Supplies,North,4,0.2,96.81,16.46
ORD-01182,2025-10-17,CUST-0425,Office Chair,Furniture,East,1,0.1,208.26,21.87
ORD-01183,2025-05-07,CUST-0364,Office Chair,Furniture,West,1,0.2,169.57,8.48
ORD-01184,2025-02-18,CUST-0379,Desk Lamp,Furniture,West,4,0.15,175.11,13.57
ORD-01185,2025-08-29,CUST-0151,Office Chair,Furniture,West,1,0.0,229.96,36.79
ORD-01186,2025-10-01,CUST-0039,Printer Ink,Office Supplies,North,5,0.2,304.49,51.76
ORD-01187,2025-07-28,CUST-0264,Smartphone,Technology,West,4,0.2,2107.71,231.85
ORD-01188,2025-09-21,CUST-0143,Wireless Headphones,Technology,South,1,0.1,105.24,17.36
ORD-01189,2025-11-16,CUST-0300,Storage Box,Office Supplies,North,2,0.0,68.41,19.15
ORD-01190,2025-05-01,CUST-0364,Standing Desk,Furniture,North,1,0.1,355.62,37.34
ORD-01191,2025-05-17,CUST-0306,Smartphone,Technology,North,1,0.05,653.71,125.84
ORD-01192,2025-04-10,CUST-0316,Laptop Pro,Technology,West,1,0.2,807.65,88.84
ORD-01193,2025-05-21,CUST-0282,Standing Desk,Furniture,South,1,0.15,380.42,29.48
ORD-01194,2025-04-22,CUST-0163,Desk Lamp,Furniture,North,5,0.2,236.34,11.82
ORD-01195,2025-07-05,CUST-0267,Storage Box,Office Supplies,North,4,0.0,127.87,35.8
ORD-01196,2025-11-12,CUST-0213,Wireless Headphones,Technology,West,1,0.0,126.61,27.85
ORD-01197,2025-06-24,CUST-0179,Storage Box,Office Supplies,East,4,0.0,122.97,34.43
ORD-01198,2025-08-23,CUST-0170,Office Chair,Furniture,West,2,0.2,334.14,16.71
ORD-01199,2025-01-24,CUST-0487,Desk Lamp,Furniture,South,2,0.0,103.48,16.56
ORD-01200,2025-10-08,CUST-0422,Storage Box,Office Supplies,South,3,0.15,78.58,15.52
ORD-01201,2025-12-06,CUST-0229,Laptop Pro,Technology,North,1,0.05,921.9,177.47
ORD-01202,2025-10-20,CUST-0471,Office Chair,Furniture,West,1,0.15,175.18,13.58
ORD-01203,2025-10-31,CUST-0454,Office Chair,Furniture,West,4,0.2,704.05,35.2
ORD-01204,2025-02-10,CUST-0198,Desk Lamp,Furniture,South,1,0.0,54.63,8.74
ORD-01205,2025-05-26,CUST-0013,Standing Desk,Furniture,East,5,0.05,1953.09,258.78
ORD-01206,2025-08-24,CUST-0264,Storage Box,Office Supplies,West,1,0.05,28.22,7.13
ORD-01207,2025-01-13,CUST-0152,Storage Box,Office Supplies,South,1,0.0,32.27,9.04
ORD-01208,2025-04-10,CUST-0486,Office Chair,Furniture,South,4,0.0,910.93,145.75
ORD-01209,2025-05-17,CUST-0274,Wireless Headphones,Technology,North,1,0.15,108.03,14.85
ORD-01210,2025-11-06,CUST-0344,Laptop Pro,Technology,East,5,0.0,4862.26,1069.7
ORD-01211,2025-04-10,CUST-0428,Office Chair,Furniture,West,2,0.1,412.09,43.27
ORD-01212,2025-08-25,CUST-0450,Wireless Headphones,Technology,North,1,0.2,94.38,10.38
ORD-01213,2025-09-21,CUST-0383,Notebook Set,Office Supplies,East,4,0.0,67.69,18.95
ORD-01214,2025-01-03,CUST-0170,Smartphone,Technology,North,2,0.2,1118.97,123.09
ORD-01215,2025-05-29,CUST-0092,Laptop Pro,Technology,North,2,0.0,1964.81,432.26
ORD-01216,2025-03-06,CUST-0421,Standing Desk,Furniture,East,2,0.15,666.63,51.66
ORD-01217,2025-08-23,CUST-0199,Office Chair,Furniture,West,1,0.1,203.29,21.35
ORD-01218,2025-02-18,CUST-0162,Printer Ink,Office Supplies,East,3,0.1,211.64,47.62
ORD-01219,2025-02-22,CUST-0274,Laptop Pro,Technology,South,2,0.0,1778.36,391.24
ORD-01220,2025-03-15,CUST-0033,Laptop Pro,Technology,East,3,0.15,2322.46,319.34
ORD-01221,2025-04-12,CUST-0184,Laptop Pro,Technology,East,5,0.0,5007.08,1101.56
ORD-01222,2025-12-03,CUST-0155,Storage Box,Office Supplies,North,2,0.2,54.88,9.33
ORD-01223,2025-06-12,CUST-0196,Wireless Headphones,Technology,North,1,0.1,112.08,18.49
ORD-01224,2025-04-12,CUST-0243,Notebook Set,Office Supplies,West,1,0.0,19.17,5.37
ORD-01225,2025-01-24,CUST-0383,Smartphone,Technology,East,2,0.0,1292.53,284.36
ORD-01226,2025-08-16,CUST-0152,Notebook Set,Office Supplies,West,1,0.15,15.35,3.03
ORD-01227,2025-08-18,CUST-0332,Smartphone,Technology,North,1,0.2,504.35,55.48
ORD-01228,2025-06-05,CUST-0284,Desk Lamp,Furniture,West,5,0.0,287.01,45.92
ORD-01229,2025-04-14,CUST-0003,Storage Box,Office Supplies,North,2,0.0,68.87,19.28
ORD-01230,2025-10-10,CUST-0157,Notebook Set,Office Supplies,East,3,0.0,49.83,13.95
ORD-01231,2025-07-06,CUST-0177,Office Chair,Furniture,West,4,0.2,738.6,36.93
ORD-01232,2025-06-11,CUST-0436,Office Chair,Furniture,South,2,0.2,338.8,16.94
ORD-01233,2025-08-12,CUST-0114,Storage Box,Office Supplies,North,2,0.0,62.38,17.47
ORD-01234,2025-02-24,CUST-0344,Standing Desk,Furniture,North,1,0.0,401.4,64.22
ORD-01235,2025-11-09,CUST-0237,Laptop Pro,Technology,West,3,0.15,2449.88,336.86
ORD-01236,2025-07-27,CUST-0035,Storage Box,Office Supplies,North,1,0.2,26.27,4.47
ORD-01237,2025-05-15,CUST-0298,Standing Desk,Furniture,North,2,0.2,709.32,35.47
ORD-01238,2025-06-09,CUST-0066,Printer Ink,Office Supplies,West,1,0.05,75.01,18.94
ORD-01239,2025-08-05,CUST-0036,Office Chair,Furniture,North,5,0.15,928.72,71.98
ORD-01240,2025-08-02,CUST-0169,Office Chair,Furniture,South,1,0.1,191.76,20.13
ORD-01241,2025-07-14,CUST-0290,Standing Desk,Furniture,East,2,0.0,803.47,128.56
ORD-01242,2025-04-08,CUST-0087,Desk Lamp,Furniture,West,1,0.1,49.37,5.18
ORD-01243,2025-03-20,CUST-0365,Laptop Pro,Technology,South,2,0.0,1892.04,416.25
ORD-01244,2025-08-06,CUST-0069,Notebook Set,Office Supplies,North,2,0.05,36.71,9.27
ORD-01245,2025-04-29,CUST-0229,Desk Lamp,Furniture,West,2,0.1,99.49,10.45
ORD-01246,2025-11-27,CUST-0283,Desk Lamp,Furniture,West,4,0.1,199.94,20.99
ORD-01247,2025-10-05,CUST-0042,Wireless Headphones,Technology,North,1,0.15,97.19,13.36
ORD-01248,2025-03-31,CUST-0457,Standing Desk,Furniture,West,2,0.0,856.09,136.97
ORD-01249,2025-01-26,CUST-0454,Storage Box,Office Supplies,North,1,0.2,26.75,4.55
ORD-01250,2025-10-28,CUST-0435,Wireless Headphones,Technology,West,1,0.0,113.22,24.91
ORD-01251,2025-06-30,CUST-0297,Storage Box,Office Supplies,East,5,0.15,138.96,27.44
ORD-01252,2025-12-17,CUST-0465,Notebook Set,Office Supplies,West,2,0.0,36.82,10.31
ORD-01253,2025-11-17,CUST-0458,Laptop Pro,Technology,East,1,0.15,865.3,118.98
ORD-01254,2025-04-12,CUST-0188,Storage Box,Office Supplies,South,5,0.0,165.76,46.41
ORD-01255,2025-02-26,CUST-0376,Notebook Set,Office Supplies,North,4,0.15,56.9,11.24
ORD-01256,2025-06-23,CUST-0262,Standing Desk,Furniture,North,1,0.15,367.86,28.51
ORD-01257,2025-01-05,CUST-0006,Wireless Headphones,Technology,South,2,0.15,208.27,28.64
ORD-01258,2025-09-05,CUST-0351,Office Chair,Furniture,West,3,0.15,553.43,42.89
ORD-01259,2025-08-14,CUST-0229,Smartphone,Technology,West,4,0.0,2539.38,558.66
ORD-01260,2025-05-02,CUST-0338,Smartphone,Technology,North,2,0.15,1186.74,163.18
ORD-01261,2025-10-21,CUST-0481,Smartphone,Technology,West,3,0.1,1841.2,303.8
ORD-01262,2025-07-29,CUST-0119,Desk Lamp,Furniture,North,3,0.1,149.61,15.71
ORD-01263,2025-08-11,CUST-0022,Wireless Headphones,Technology,North,3,0.0,363.51,79.97
ORD-01264,2025-01-06,CUST-0199,Office Chair,Furniture,South,2,0.05,416.75,55.22
ORD-01265,2025-08-23,CUST-0021,Printer Ink,Office Supplies,West,2,0.0,158.25,44.31
ORD-01266,2025-08-28,CUST-0325,Desk Lamp,Furniture,North,1,0.15,48.94,3.79
ORD-01267,2025-01-11,CUST-0297,Standing Desk,Furniture,West,4,0.05,1530.11,202.74
ORD-01268,2025-03-11,CUST-0335,Storage Box,Office Supplies,East,1,0.1,27.4,6.17
ORD-01269,2025-12-21,CUST-0460,Notebook Set,Office Supplies,South,2,0.2,31.08,5.28
ORD-01270,2025-11-16,CUST-0499,Wireless Headphones,Technology,South,1,0.1,116.31,19.19
ORD-01271,2025-11-28,CUST-0419,Office Chair,Furniture,South,1,0.05,207.63,27.51
ORD-01272,2025-10-01,CUST-0455,Desk Lamp,Furniture,South,1,0.1,46.93,4.93
ORD-01273,2025-12-24,CUST-0226,Laptop Pro,Technology,South,3,0.0,2627.94,578.15
ORD-01274,2025-09-17,CUST-0330,Smartphone,Technology,North,2,0.15,1156.73,159.05
ORD-01275,2025-02-28,CUST-0081,Standing Desk,Furniture,North,2,0.0,899.63,143.94
ORD-01276,2025-04-17,CUST-0339,Desk Lamp,Furniture,East,1,0.0,55.19,8.83
ORD-01277,2025-09-04,CUST-0369,Office Chair,Furniture,South,5,0.05,988.43,130.97
ORD-01278,2025-01-08,CUST-0246,Wireless Headphones,Technology,South,3,0.1,335.32,55.33
ORD-01279,2025-04-04,CUST-0427,Office Chair,Furniture,East,1,0.2,174.82,8.74
ORD-01280,2025-03-22,CUST-0066,Notebook Set,Office Supplies,North,1,0.0,19.33,5.41
ORD-01281,2025-08-30,CUST-0021,Smartphone,Technology,North,3,0.15,1751.7,240.86
ORD-01282,2025-02-13,CUST-0473,Smartphone,Technology,North,1,0.05,650.64,125.25
ORD-01283,2025-02-05,CUST-0307,Smartphone,Technology,South,2,0.1,1146.97,189.25
ORD-01284,2025-06-05,CUST-0339,Laptop Pro,Technology,West,1,0.2,797.06,87.68
ORD-01285,2025-08-04,CUST-0230,Standing Desk,Furniture,West,1,0.0,408.02,65.28
ORD-01286,2025-11-18,CUST-0113,Printer Ink,Office Supplies,West,4,0.0,310.99,87.08
ORD-01287,2025-04-01,CUST-0421,Notebook Set,Office Supplies,East,3,0.15,45.38,8.96
ORD-01288,2025-12-15,CUST-0136,Smartphone,Technology,East,1,0.15,587.39,80.77
ORD-01289,2025-06-22,CUST-0473,Smartphone,Technology,West,1,0.05,657.16,126.5
ORD-01290,2025-09-05,CUST-0118,Printer Ink,Office Supplies,East,4,0.0,320.14,89.64
ORD-01291,2025-05-09,CUST-0009,Notebook Set,Office Supplies,South,5,0.0,90.18,25.25
ORD-01292,2025-11-23,CUST-0351,Office Chair,Furniture,East,1,0.15,191.05,14.81
ORD-01293,2025-04-27,CUST-0050,Notebook Set,Office Supplies,West,3,0.15,48.97,9.67
ORD-01294,2025-04-23,CUST-0308,Smartphone,Technology,South,4,0.15,2237.27,307.62
ORD-01295,2025-07-25,CUST-0258,Laptop Pro,Technology,West,1,0.15,844.65,116.14
ORD-01296,2025-04-26,CUST-0067,Wireless Headphones,Technology,North,2,0.2,193.97,21.34
ORD-01297,2025-04-01,CUST-0333,Storage Box,Office Supplies,West,1,0.2,26.24,4.46
ORD-01298,2025-04-24,CUST-0448,Notebook Set,Office Supplies,East,1,0.05,16.26,4.11
ORD-01299,2025-12-31,CUST-0118,Laptop Pro,Technology,East,2,0.1,1601.05,264.17
ORD-01300,2025-09-23,CUST-0180,Printer Ink,Office Supplies,West,1,0.1,64.49,14.51
ORD-01301,2025-04-15,CUST-0245,Wireless Headphones,Technology,South,2,0.05,211.07,40.63
ORD-01302,2025-10-05,CUST-0146,Office Chair,Furniture,West,1,0.0,226.32,36.21
ORD-01303,2025-08-09,CUST-0003,Storage Box,Office Supplies,South,2,0.0,64.84,18.16
ORD-01304,2025-05-19,CUST-0267,Laptop Pro,Technology,East,5,0.0,4810.87,1058.39
ORD-01305,2025-04-09,CUST-0353,Laptop Pro,Technology,South,2,0.0,1978.67,435.31
ORD-01306,2025-04-19,CUST-0080,Desk Lamp,Furniture,South,2,0.0,108.77,17.4
ORD-01307,2025-11-23,CUST-0134,Notebook Set,Office Supplies,East,1,0.05,18.17,4.59
ORD-01308,2025-05-12,CUST-0314,Storage Box,Office Supplies,South,4,0.05,121.14,30.59
ORD-01309,2025-08-30,CUST-0387,Standing Desk,Furniture,West,2,0.1,720.25,75.63
ORD-01310,2025-02-10,CUST-0248,Office Chair,Furniture,South,5,0.15,909.8,70.51
ORD-01311,2025-04-13,CUST-0248,Smartphone,Technology,South,3,0.15,1579.82,217.23
ORD-01312,2025-11-20,CUST-0177,Standing Desk,Furniture,West,1,0.15,382.18,29.62
ORD-01313,2025-07-14,CUST-0061,Notebook Set,Office Supplies,West,4,0.2,60.47,10.28
ORD-01314,2025-02-09,CUST-0487,Office Chair,Furniture,South,4,0.2,685.1,34.25
ORD-01315,2025-01-24,CUST-0206,Smartphone,Technology,North,5,0.15,2830.86,389.24
ORD-01316,2025-11-19,CUST-0357,Desk Lamp,Furniture,West,1,0.15,49.56,3.84
ORD-01317,2025-06-30,CUST-0003,Laptop Pro,Technology,North,5,0.2,3672.34,403.96
ORD-01318,2025-12-31,CUST-0475,Wireless Headphones,Technology,West,2,0.1,212.26,35.02
ORD-01319,2025-06-30,CUST-0114,Notebook Set,Office Supplies,North,3,0.05,51.56,13.02
ORD-01320,2025-09-06,CUST-0371,Desk Lamp,Furniture,North,2,0.0,110.4,17.66
ORD-01321,2025-12-23,CUST-0315,Notebook Set,Office Supplies,West,1,0.1,17.43,3.92
ORD-01322,2025-04-13,CUST-0030,Storage Box,Office Supplies,North,3,0.15,75.2,14.85
ORD-01323,2025-07-31,CUST-0006,Smartphone,Technology,East,1,0.1,620.82,102.44
ORD-01324,2025-12-08,CUST-0147,Office Chair,Furniture,West,4,0.15,711.03,55.1
ORD-01325,2025-11-28,CUST-0262,Office Chair,Furniture,North,3,0.15,581.8,45.09
ORD-01326,2025-08-27,CUST-0087,Storage Box,Office Supplies,East,1,0.15,28.72,5.67
ORD-01327,2025-12-09,CUST-0001,Laptop Pro,Technology,South,1,0.2,736.04,80.96
ORD-01328,2025-07-09,CUST-0400,Smartphone,Technology,North,2,0.05,1277.01,245.82
ORD-01329,2025-07-25,CUST-0208,Notebook Set,Office Supplies,South,1,0.1,15.87,3.57
ORD-01330,2025-02-16,CUST-0361,Office Chair,Furniture,South,3,0.2,520.04,26.0
ORD-01331,2025-01-16,CUST-0146,Wireless Headphones,Technology,West,5,0.15,531.42,73.07
ORD-01332,2025-11-06,CUST-0178,Storage Box,Office Supplies,West,2,0.05,57.39,14.49
ORD-01333,2025-09-29,CUST-0233,Standing Desk,Furniture,North,1,0.0,414.25,66.28
ORD-01334,2025-07-21,CUST-0090,Notebook Set,Office Supplies,East,5,0.05,80.95,20.44
ORD-01335,2025-09-12,CUST-0038,Notebook Set,Office Supplies,South,3,0.15,46.52,9.19
ORD-01336,2025-05-19,CUST-0412,Storage Box,Office Supplies,North,5,0.0,148.29,41.52
ORD-01337,2025-09-30,CUST-0417,Storage Box,Office Supplies,West,2,0.15,58.31,11.52
ORD-01338,2025-04-21,CUST-0289,Standing Desk,Furniture,East,1,0.1,355.62,37.34
ORD-01339,2025-12-23,CUST-0493,Printer Ink,Office Supplies,West,3,0.05,223.35,56.4
ORD-01340,2025-07-10,CUST-0442,Printer Ink,Office Supplies,East,1,0.15,60.41,11.93
ORD-01341,2025-03-22,CUST-0035,Laptop Pro,Technology,South,1,0.05,895.11,172.31
ORD-01342,2025-07-13,CUST-0347,Notebook Set,Office Supplies,East,5,0.0,85.39,23.91
ORD-01343,2025-07-17,CUST-0490,Office Chair,Furniture,West,1,0.1,186.03,19.53
ORD-01344,2025-06-16,CUST-0359,Desk Lamp,Furniture,South,2,0.0,116.37,18.62
ORD-01345,2025-03-22,CUST-0205,Standing Desk,Furniture,North,1,0.0,440.64,70.5
ORD-01346,2025-03-14,CUST-0244,Desk Lamp,Furniture,North,2,0.0,104.96,16.79
ORD-01347,2025-12-06,CUST-0138,Desk Lamp,Furniture,South,2,0.15,88.37,6.85
ORD-01348,2025-12-03,CUST-0477,Smartphone,Technology,West,4,0.2,2168.1,238.49
ORD-01349,2025-06-24,CUST-0121,Office Chair,Furniture,South,2,0.0,471.48,75.44
ORD-01350,2025-03-06,CUST-0118,Office Chair,Furniture,West,1,0.0,215.79,34.53
ORD-01351,2025-09-28,CUST-0183,Office Chair,Furniture,West,2,0.15,391.13,30.31
ORD-01352,2025-05-08,CUST-0472,Smartphone,Technology,West,2,0.0,1275.95,280.71
ORD-01353,2025-12-05,CUST-0253,Wireless Headphones,Technology,East,1,0.2,101.21,11.13
ORD-01354,2025-03-19,CUST-0491,Laptop Pro,Technology,West,1,0.15,822.48,113.09
ORD-01355,2025-06-11,CUST-0318,Laptop Pro,Technology,West,2,0.05,1688.76,325.09
ORD-01356,2025-08-04,CUST-0445,Desk Lamp,Furniture,South,1,0.15,46.76,3.62
ORD-01357,2025-06-17,CUST-0144,Standing Desk,Furniture,South,1,0.15,352.98,27.36
ORD-01358,2025-10-10,CUST-0066,Notebook Set,Office Supplies,North,5,0.15,80.94,15.99
ORD-01359,2025-01-13,CUST-0245,Laptop Pro,Technology,East,5,0.1,4480.2,739.23
ORD-01360,2025-05-27,CUST-0202,Storage Box,Office Supplies,North,2,0.05,58.14,14.68
ORD-01361,2025-02-12,CUST-0358,Smartphone,Technology,South,1,0.0,682.11,150.06
ORD-01362,2025-04-05,CUST-0005,Storage Box,Office Supplies,South,2,0.2,52.22,8.88
ORD-01363,2025-01-02,CUST-0298,Laptop Pro,Technology,East,5,0.1,4491.42,741.08
ORD-01364,2025-11-09,CUST-0442,Wireless Headphones,Technology,South,2,0.15,189.99,26.12
ORD-01365,2025-07-25,CUST-0122,Standing Desk,Furniture,North,5,0.05,2133.95,282.75
ORD-01366,2025-04-24,CUST-0176,Standing Desk,Furniture,South,5,0.15,1922.63,149.0
ORD-01367,2025-06-28,CUST-0108,Desk Lamp,Furniture,North,1,0.1,47.5,4.99
ORD-01368,2025-11-24,CUST-0187,Notebook Set,Office Supplies,East,2,0.05,32.49,8.2
ORD-01369,2025-01-12,CUST-0293,Notebook Set,Office Supplies,North,3,0.0,53.06,14.86
ORD-01370,2025-10-10,CUST-0118,Smartphone,Technology,West,2,0.2,1060.18,116.62
ORD-01371,2025-04-07,CUST-0285,Wireless Headphones,Technology,West,2,0.0,248.94,54.77
ORD-01372,2025-11-30,CUST-0075,Notebook Set,Office Supplies,West,2,0.0,33.51,9.38
ORD-01373,2025-02-28,CUST-0091,Smartphone,Technology,South,1,0.0,627.72,138.1
ORD-01374,2025-01-19,CUST-0265,Notebook Set,Office Supplies,South,3,0.2,42.04,7.15
ORD-01375,2025-02-16,CUST-0154,Storage Box,Office Supplies,West,4,0.1,123.39,27.76
ORD-01376,2025-05-21,CUST-0025,Standing Desk,Furniture,East,2,0.15,733.59,56.85
ORD-01377,2025-03-20,CUST-0031,Notebook Set,Office Supplies,North,4,0.0,68.53,19.19
ORD-01378,2025-05-08,CUST-0430,Office Chair,Furniture,West,3,0.1,603.61,63.38
ORD-01379,2025-01-29,CUST-0134,Wireless Headphones,Technology,South,5,0.05,549.6,105.8
ORD-01380,2025-07-21,CUST-0478,Desk Lamp,Furniture,South,1,0.15,50.34,3.9
ORD-01381,2025-08-06,CUST-0063,Standing Desk,Furniture,South,3,0.1,1137.39,119.43
ORD-01382,2025-01-17,CUST-0102,Desk Lamp,Furniture,West,1,0.15,50.27,3.9
ORD-01383,2025-11-21,CUST-0182,Storage Box,Office Supplies,North,2,0.05,59.86,15.11
ORD-01384,2025-03-23,CUST-0397,Desk Lamp,Furniture,East,1,0.1,50.15,5.27
ORD-01385,2025-08-07,CUST-0315,Printer Ink,Office Supplies,West,1,0.1,66.39,14.94
ORD-01386,2025-09-23,CUST-0445,Standing Desk,Furniture,South,1,0.0,418.86,67.02
ORD-01387,2025-07-27,CUST-0216,Smartphone,Technology,East,1,0.05,596.5,114.83
ORD-01388,2025-03-15,CUST-0041,Notebook Set,Office Supplies,West,3,0.0,58.05,16.25
ORD-01389,2025-10-22,CUST-0163,Smartphone,Technology,South,1,0.05,575.57,110.8
ORD-01390,2025-08-18,CUST-0331,Standing Desk,Furniture,East,2,0.15,690.84,53.54
ORD-01391,2025-05-28,CUST-0400,Notebook Set,Office Supplies,North,2,0.1,32.18,7.24
ORD-01392,2025-11-18,CUST-0495,Desk Lamp,Furniture,West,3,0.15,143.43,11.12
ORD-01393,2025-11-19,CUST-0438,Printer Ink,Office Supplies,South,3,0.0,216.03,60.49
ORD-01394,2025-09-23,CUST-0339,Laptop Pro,Technology,North,1,0.0,981.41,215.91
ORD-01395,2025-02-17,CUST-0384,Standing Desk,Furniture,West,3,0.2,977.83,48.89
ORD-01396,2025-04-10,CUST-0053,Wireless Headphones,Technology,North,1,0.1,109.69,18.1
ORD-01397,2025-03-06,CUST-0281,Wireless Headphones,Technology,North,1,0.1,101.19,16.7
ORD-01398,2025-09-23,CUST-0269,Laptop Pro,Technology,North,2,0.1,1831.68,302.23
ORD-01399,2025-05-30,CUST-0080,Wireless Headphones,Technology,North,1,0.15,108.25,14.88
ORD-01400,2025-09-05,CUST-0159,Wireless Headphones,Technology,East,3,0.1,330.49,54.53
ORD-01401,2025-01-25,CUST-0227,Office Chair,Furniture,North,2,0.05,411.86,54.57
ORD-01402,2025-10-28,CUST-0015,Smartphone,Technology,North,2,0.0,1390.74,305.96
ORD-01403,2025-05-17,CUST-0443,Laptop Pro,Technology,East,2,0.05,1931.97,371.9
ORD-01404,2025-05-18,CUST-0479,Printer Ink,Office Supplies,South,2,0.15,132.1,26.09
ORD-01405,2025-02-15,CUST-0497,Standing Desk,Furniture,East,1,0.0,436.09,69.77
ORD-01406,2025-09-19,CUST-0234,Storage Box,Office Supplies,North,5,0.15,139.59,27.57
ORD-01407,2025-11-26,CUST-0274,Notebook Set,Office Supplies,East,1,0.2,14.96,2.54
ORD-01408,2025-06-27,CUST-0277,Standing Desk,Furniture,West,1,0.1,401.59,42.17
ORD-01409,2025-12-07,CUST-0158,Office Chair,Furniture,West,4,0.1,830.93,87.25
ORD-01410,2025-09-28,CUST-0156,Desk Lamp,Furniture,South,2,0.0,108.85,17.42
ORD-01411,2025-03-14,CUST-0177,Laptop Pro,Technology,North,1,0.0,875.38,192.58
ORD-01412,2025-09-05,CUST-0353,Standing Desk,Furniture,South,2,0.0,855.23,136.84
ORD-01413,2025-02-10,CUST-0154,Printer Ink,Office Supplies,West,1,0.1,69.67,15.68
ORD-01414,2025-06-17,CUST-0306,Laptop Pro,Technology,West,4,0.05,3436.3,661.49
ORD-01415,2025-05-31,CUST-0192,Office Chair,Furniture,West,4,0.15,776.57,60.18
ORD-01416,2025-02-16,CUST-0224,Office Chair,Furniture,South,5,0.15,897.36,69.55
ORD-01417,2025-03-10,CUST-0378,Notebook Set,Office Supplies,North,1,0.2,13.82,2.35
ORD-01418,2025-10-23,CUST-0135,Notebook Set,Office Supplies,West,1,0.0,17.88,5.01
ORD-01419,2025-11-14,CUST-0265,Wireless Headphones,Technology,South,1,0.0,121.86,26.81
ORD-01420,2025-01-16,CUST-0273,Standing Desk,Furniture,North,1,0.2,329.13,16.46
ORD-01421,2025-05-18,CUST-0094,Standing Desk,Furniture,South,1,0.0,440.5,70.48
ORD-01422,2025-10-02,CUST-0234,Smartphone,Technology,North,2,0.2,1112.0,122.32
ORD-01423,2025-03-18,CUST-0252,Printer Ink,Office Supplies,North,5,0.15,303.46,59.93
ORD-01424,2025-12-24,CUST-0026,Office Chair,Furniture,South,1,0.0,211.32,33.81
ORD-01425,2025-04-01,CUST-0145,Storage Box,Office Supplies,North,3,0.0,92.8,25.98
ORD-01426,2025-07-28,CUST-0373,Standing Desk,Furniture,North,1,0.1,360.23,37.82
ORD-01427,2025-04-17,CUST-0008,Laptop Pro,Technology,North,1,0.0,924.71,203.44
ORD-01428,2025-10-11,CUST-0160,Printer Ink,Office Supplies,North,1,0.1,71.77,16.15
ORD-01429,2025-05-17,CUST-0357,Printer Ink,Office Supplies,West,1,0.1,70.6,15.89
ORD-01430,2025-12-07,CUST-0029,Laptop Pro,Technology,South,1,0.0,969.8,213.36
ORD-01431,2025-12-29,CUST-0279,Standing Desk,Furniture,West,1,0.0,433.81,69.41
ORD-01432,2025-06-17,CUST-0419,Printer Ink,Office Supplies,North,2,0.05,143.3,36.18
ORD-01433,2025-04-17,CUST-0499,Notebook Set,Office Supplies,West,2,0.0,37.64,10.54
ORD-01434,2025-01-18,CUST-0127,Office Chair,Furniture,South,1,0.1,198.0,20.79
ORD-01435,2025-05-19,CUST-0395,Laptop Pro,Technology,North,1,0.2,701.86,77.2
ORD-01436,2025-09-17,CUST-0243,Wireless Headphones,Technology,East,3,0.0,360.15,79.23
ORD-01437,2025-03-02,CUST-0480,Notebook Set,Office Supplies,East,1,0.05,17.08,4.31
ORD-01438,2025-11-20,CUST-0022,Desk Lamp,Furniture,North,2,0.2,82.44,4.12
ORD-01439,2025-11-07,CUST-0247,Storage Box,Office Supplies,East,1,0.05,29.96,7.56
ORD-01440,2025-08-30,CUST-0443,Standing Desk,Furniture,North,1,0.0,403.89,64.62
ORD-01441,2025-02-07,CUST-0325,Office Chair,Furniture,West,2,0.0,416.1,66.58
ORD-01442,2025-05-13,CUST-0407,Notebook Set,Office Supplies,South,1,0.0,17.09,4.79
ORD-01443,2025-01-21,CUST-0405,Standing Desk,Furniture,East,1,0.1,401.08,42.11
ORD-01444,2025-04-19,CUST-0298,Office Chair,Furniture,North,4,0.0,906.07,144.97
ORD-01445,2025-10-18,CUST-0191,Printer Ink,Office Supplies,East,2,0.0,144.94,40.58
ORD-01446,2025-07-15,CUST-0047,Wireless Headphones,Technology,North,2,0.1,207.36,34.21
ORD-01447,2025-11-08,CUST-0031,Desk Lamp,Furniture,West,1,0.2,44.25,2.21
ORD-01448,2025-10-04,CUST-0360,Laptop Pro,Technology,South,2,0.0,1855.55,408.22
ORD-01449,2025-02-21,CUST-0250,Storage Box,Office Supplies,West,5,0.0,167.41,46.87
ORD-01450,2025-11-07,CUST-0404,Office Chair,Furniture,South,3,0.15,598.14,46.36
ORD-01451,2025-12-18,CUST-0376,Desk Lamp,Furniture,West,2,0.1,96.26,10.11
ORD-01452,2025-06-26,CUST-0184,Office Chair,Furniture,North,1,0.1,190.76,20.03
ORD-01453,2025-12-02,CUST-0249,Smartphone,Technology,North,1,0.0,631.14,138.85
ORD-01454,2025-11-13,CUST-0357,Printer Ink,Office Supplies,East,1,0.15,59.44,11.74
ORD-01455,2025-04-19,CUST-0279,Printer Ink,Office Supplies,North,1,0.0,73.19,20.49
ORD-01456,2025-04-28,CUST-0141,Desk Lamp,Furniture,South,2,0.1,101.8,10.69
ORD-01457,2025-03-17,CUST-0080,Storage Box,Office Supplies,North,4,0.15,108.14,21.36
ORD-01458,2025-11-09,CUST-0278,Printer Ink,Office Supplies,North,4,0.05,290.04,73.24
ORD-01459,2025-10-12,CUST-0260,Desk Lamp,Furniture,South,4,0.2,180.89,9.04
ORD-01460,2025-05-21,CUST-0318,Notebook Set,Office Supplies,West,5,0.0,92.79,25.98
ORD-01461,2025-04-22,CUST-0165,Desk Lamp,Furniture,West,4,0.0,217.52,34.8
ORD-01462,2025-09-04,CUST-0420,Wireless Headphones,Technology,East,5,0.15,539.62,74.2
ORD-01463,2025-05-14,CUST-0255,Notebook Set,Office Supplies,North,2,0.2,28.87,4.91
ORD-01464,2025-05-30,CUST-0166,Storage Box,Office Supplies,North,3,0.05,85.12,21.49
ORD-01465,2025-07-28,CUST-0050,Notebook Set,Office Supplies,East,3,0.0,51.11,14.31
ORD-01466,2025-05-02,CUST-0428,Storage Box,Office Supplies,East,1,0.0,32.69,9.15
ORD-01467,2025-04-25,CUST-0104,Smartphone,Technology,North,2,0.0,1220.63,268.54
ORD-01468,2025-08-22,CUST-0017,Wireless Headphones,Technology,South,2,0.0,232.74,51.2
ORD-01469,2025-06-16,CUST-0320,Notebook Set,Office Supplies,East,4,0.15,58.69,11.59
ORD-01470,2025-05-07,CUST-0311,Standing Desk,Furniture,North,1,0.0,408.96,65.43
ORD-01471,2025-06-01,CUST-0336,Wireless Headphones,Technology,North,5,0.0,646.68,142.27
ORD-01472,2025-05-17,CUST-0240,Printer Ink,Office Supplies,West,4,0.0,312.19,87.41
ORD-01473,2025-01-19,CUST-0481,Laptop Pro,Technology,South,1,0.2,783.89,86.23
ORD-01474,2025-06-24,CUST-0030,Notebook Set,Office Supplies,West,1,0.2,13.64,2.32
ORD-01475,2025-12-20,CUST-0037,Standing Desk,Furniture,East,1,0.2,338.51,16.93
ORD-01476,2025-04-03,CUST-0492,Standing Desk,Furniture,North,5,0.0,2249.56,359.93
ORD-01477,2025-02-17,CUST-0119,Storage Box,Office Supplies,North,1,0.2,25.58,4.35
ORD-01478,2025-11-13,CUST-0270,Storage Box,Office Supplies,South,2,0.0,63.38,17.75
ORD-01479,2025-12-10,CUST-0286,Office Chair,Furniture,East,1,0.0,220.43,35.27
ORD-01480,2025-09-26,CUST-0393,Storage Box,Office Supplies,South,2,0.0,66.71,18.68
ORD-01481,2025-01-07,CUST-0341,Desk Lamp,Furniture,East,1,0.2,44.05,2.2
ORD-01482,2025-11-05,CUST-0406,Notebook Set,Office Supplies,West,1,0.0,16.61,4.65
ORD-01483,2025-01-17,CUST-0173,Smartphone,Technology,East,1,0.15,514.4,70.73
ORD-01484,2025-09-10,CUST-0227,Smartphone,Technology,East,1,0.15,557.86,76.71
ORD-01485,2025-04-27,CUST-0167,Desk Lamp,Furniture,West,1,0.15,48.16,3.73
ORD-01486,2025-05-24,CUST-0221,Desk Lamp,Furniture,South,1,0.2,45.63,2.28
ORD-01487,2025-03-14,CUST-0280,Desk Lamp,Furniture,East,5,0.15,243.2,18.85
ORD-01488,2025-04-03,CUST-0475,Office Chair,Furniture,South,1,0.15,198.2,15.36
ORD-01489,2025-12-30,CUST-0230,Standing Desk,Furniture,South,1,0.1,365.03,38.33
ORD-01490,2025-07-18,CUST-0146,Notebook Set,Office Supplies,North,3,0.0,54.09,15.15
ORD-01491,2025-05-27,CUST-0004,Laptop Pro,Technology,South,1,0.05,888.72,171.08
ORD-01492,2025-09-28,CUST-0439,Standing Desk,Furniture,West,1,0.0,387.3,61.97
ORD-01493,2025-01-30,CUST-0422,Desk Lamp,Furniture,North,1,0.2,46.14,2.31
ORD-01494,2025-02-17,CUST-0285,Standing Desk,Furniture,West,1,0.15,332.27,25.75
ORD-01495,2025-01-22,CUST-0183,Smartphone,Technology,North,3,0.1,1723.94,284.45
ORD-01496,2025-07-04,CUST-0456,Smartphone,Technology,North,5,0.05,3318.72,638.85
ORD-01497,2025-08-08,CUST-0048,Office Chair,Furniture,North,2,0.05,427.92,56.7
ORD-01498,2025-06-22,CUST-0376,Notebook Set,Office Supplies,East,1,0.0,17.64,4.94
ORD-01499,2025-02-14,CUST-0089,Wireless Headphones,Technology,West,3,0.1,320.55,52.89
ORD-01500,2025-08-09,CUST-0360,Printer Ink,Office Supplies,West,1,0.2,55.61,9.45
ORD-01501,2025-11-19,CUST-0020,Wireless Headphones,Technology,East,1,0.05,106.16,20.44
ORD-01502,2025-07-25,CUST-0472,Notebook Set,Office Supplies,North,5,0.0,91.56,25.64
ORD-01503,2025-03-03,CUST-0214,Desk Lamp,Furniture,South,2,0.1,98.43,10.34
ORD-01504,2025-11-27,CUST-0383,Wireless Headphones,Technology,West,1,0.0,117.12,25.77
ORD-01505,2025-04-06,CUST-0196,Laptop Pro,Technology,East,1,0.2,745.31,81.98
ORD-01506,2025-03-03,CUST-0164,Laptop Pro,Technology,South,5,0.0,4737.83,1042.32
ORD-01507,2025-12-14,CUST-0258,Storage Box,Office Supplies,East,4,0.05,127.52,32.2
ORD-01508,2025-11-13,CUST-0375,Office Chair,Furniture,North,5,0.2,886.82,44.34
ORD-01509,2025-05-16,CUST-0295,Notebook Set,Office Supplies,West,1,0.15,15.5,3.06
ORD-01510,2025-12-23,CUST-0149,Storage Box,Office Supplies,North,5,0.1,149.8,33.71
ORD-01511,2025-10-22,CUST-0043,Notebook Set,Office Supplies,North,5,0.05,85.75,21.65
ORD-01512,2025-07-28,CUST-0281,Printer Ink,Office Supplies,East,1,0.0,77.05,21.57
ORD-01513,2025-07-11,CUST-0257,Notebook Set,Office Supplies,North,2,0.1,33.66,7.57
ORD-01514,2025-03-12,CUST-0391,Notebook Set,Office Supplies,West,2,0.0,34.24,9.59
ORD-01515,2025-08-08,CUST-0250,Smartphone,Technology,South,3,0.0,2027.99,446.16
ORD-01516,2025-08-03,CUST-0288,Notebook Set,Office Supplies,East,4,0.0,73.12,20.47
ORD-01517,2025-03-05,CUST-0137,Storage Box,Office Supplies,North,1,0.0,33.99,9.52
ORD-01518,2025-09-02,CUST-0046,Notebook Set,Office Supplies,South,3,0.15,47.8,9.44
ORD-01519,2025-11-28,CUST-0188,Wireless Headphones,Technology,East,1,0.1,106.53,17.58
ORD-01520,2025-09-24,CUST-0305,Desk Lamp,Furniture,North,3,0.05,153.9,20.39
ORD-01521,2025-04-14,CUST-0180,Laptop Pro,Technology,West,1,0.0,902.18,198.48
ORD-01522,2025-08-25,CUST-0023,Printer Ink,Office Supplies,East,1,0.1,71.4,16.07
ORD-01523,2025-08-10,CUST-0080,Office Chair,Furniture,North,2,0.05,433.0,57.37
ORD-01524,2025-07-26,CUST-0125,Wireless Headphones,Technology,North,5,0.0,559.39,123.07
ORD-01525,2025-01-02,CUST-0008,Smartphone,Technology,West,1,0.05,605.92,116.64
ORD-01526,2025-12-12,CUST-0157,Desk Lamp,Furniture,East,4,0.0,225.61,36.1
ORD-01527,2025-08-12,CUST-0108,Printer Ink,Office Supplies,South,1,0.05,68.65,17.33
ORD-01528,2025-10-21,CUST-0268,Storage Box,Office Supplies,North,1,0.15,26.17,5.17
ORD-01529,2025-06-15,CUST-0374,Standing Desk,Furniture,East,1,0.15,364.79,28.27
ORD-01530,2025-05-09,CUST-0010,Smartphone,Technology,East,3,0.2,1502.47,165.27
ORD-01531,2025-06-05,CUST-0270,Notebook Set,Office Supplies,East,2,0.2,29.7,5.05
ORD-01532,2025-09-26,CUST-0146,Laptop Pro,Technology,North,1,0.0,964.49,212.19
ORD-01533,2025-10-05,CUST-0139,Office Chair,Furniture,West,1,0.15,191.85,14.87
ORD-01534,2025-07-26,CUST-0035,Laptop Pro,Technology,South,2,0.0,1888.3,415.43
ORD-01535,2025-11-22,CUST-0437,Notebook Set,Office Supplies,East,5,0.2,67.26,11.43
ORD-01536,2025-12-23,CUST-0150,Desk Lamp,Furniture,West,2,0.0,107.68,17.23
ORD-01537,2025-01-28,CUST-0261,Notebook Set,Office Supplies,North,5,0.1,74.92,16.86
ORD-01538,2025-03-04,CUST-0444,Wireless Headphones,Technology,West,3,0.1,299.83,49.47
ORD-01539,2025-04-06,CUST-0257,Storage Box,Office Supplies,North,1,0.0,33.66,9.42
ORD-01540,2025-11-12,CUST-0012,Printer Ink,Office Supplies,East,5,0.2,317.19,53.92
ORD-01541,2025-06-25,CUST-0157,Laptop Pro,Technology,North,3,0.15,2394.97,329.31
ORD-01542,2025-07-06,CUST-0081,Desk Lamp,Furniture,South,5,0.2,213.85,10.69
ORD-01543,2025-04-14,CUST-0182,Laptop Pro,Technology,South,2,0.05,1898.98,365.55
ORD-01544,2025-09-15,CUST-0142,Standing Desk,Furniture,North,5,0.15,1713.32,132.78
ORD-01545,2025-07-01,CUST-0456,Laptop Pro,Technology,East,2,0.1,1591.6,262.61
ORD-01546,2025-06-25,CUST-0116,Laptop Pro,Technology,West,1,0.05,974.54,187.6
ORD-01547,2025-10-26,CUST-0337,Smartphone,Technology,South,2,0.1,1216.46,200.72
ORD-01548,2025-03-02,CUST-0267,Smartphone,Technology,North,1,0.1,538.74,88.89
ORD-01549,2025-12-13,CUST-0079,Office Chair,Furniture,South,1,0.15,189.13,14.66
ORD-01550,2025-09-10,CUST-0169,Notebook Set,Office Supplies,West,2,0.15,28.79,5.69
ORD-01551,2025-07-06,CUST-0335,Printer Ink,Office Supplies,East,2,0.0,156.81,43.91
ORD-01552,2025-10-31,CUST-0410,Smartphone,Technology,East,2,0.2,995.41,109.5
ORD-01553,2025-06-15,CUST-0353,Office Chair,Furniture,West,4,0.05,871.36,115.46
ORD-01554,2025-04-24,CUST-0466,Storage Box,Office Supplies,West,1,0.1,30.01,6.75
ORD-01555,2025-07-02,CUST-0470,Smartphone,Technology,East,4,0.15,2214.11,304.44
ORD-01556,2025-12-21,CUST-0273,Smartphone,Technology,South,1,0.15,563.52,77.48
ORD-01557,2025-12-07,CUST-0373,Wireless Headphones,Technology,North,2,0.0,243.34,53.53
ORD-01558,2025-01-25,CUST-0493,Laptop Pro,Technology,West,2,0.1,1844.25,304.3
ORD-01559,2025-01-19,CUST-0479,Notebook Set,Office Supplies,South,1,0.2,14.81,2.52
ORD-01560,2025-03-02,CUST-0055,Standing Desk,Furniture,North,1,0.0,425.3,68.05
ORD-01561,2025-02-17,CUST-0316,Smartphone,Technology,North,1,0.15,585.07,80.45
ORD-01562,2025-05-19,CUST-0119,Standing Desk,Furniture,East,3,0.15,1048.98,81.3
ORD-01563,2025-01-28,CUST-0184,Office Chair,Furniture,North,2,0.0,449.37,71.9
ORD-01564,2025-02-20,CUST-0069,Wireless Headphones,Technology,East,2,0.1,232.63,38.38
ORD-01565,2025-09-03,CUST-0365,Storage Box,Office Supplies,West,1,0.1,28.62,6.44
ORD-01566,2025-06-15,CUST-0252,Desk Lamp,Furniture,North,1,0.1,49.53,5.2
ORD-01567,2025-10-15,CUST-0116,Printer Ink,Office Supplies,North,1,0.0,78.99,22.12
ORD-01568,2025-06-04,CUST-0474,Laptop Pro,Technology,South,4,0.0,4021.09,884.64
ORD-01569,2025-03-16,CUST-0381,Standing Desk,Furniture,West,2,0.0,857.69,137.23
ORD-01570,2025-12-09,CUST-0091,Office Chair,Furniture,West,1,0.0,225.08,36.01
ORD-01571,2025-12-11,CUST-0353,Printer Ink,Office Supplies,West,1,0.1,62.85,14.14
ORD-01572,2025-12-05,CUST-0219,Desk Lamp,Furniture,West,1,0.0,56.2,8.99
ORD-01573,2025-09-17,CUST-0377,Notebook Set,Office Supplies,West,1,0.15,14.52,2.87
ORD-01574,2025-08-02,CUST-0314,Notebook Set,Office Supplies,West,1,0.1,16.63,3.74
ORD-01575,2025-04-03,CUST-0403,Storage Box,Office Supplies,East,3,0.2,72.74,12.37
ORD-01576,2025-04-22,CUST-0234,Laptop Pro,Technology,East,1,0.1,870.01,143.55
ORD-01577,2025-02-12,CUST-0266,Laptop Pro,Technology,West,4,0.0,4005.6,881.23
ORD-01578,2025-04-28,CUST-0021,Storage Box,Office Supplies,South,2,0.2,54.98,9.35
ORD-01579,2025-05-11,CUST-0493,Storage Box,Office Supplies,South,2,0.2,51.11,8.69
ORD-01580,2025-04-04,CUST-0204,Laptop Pro,Technology,North,2,0.1,1615.25,266.52
ORD-01581,2025-10-20,CUST-0237,Standing Desk,Furniture,West,1,0.05,384.76,50.98
ORD-01582,2025-10-19,CUST-0471,Smartphone,Technology,South,3,0.15,1679.56,230.94
ORD-01583,2025-12-30,CUST-0238,Laptop Pro,Technology,East,5,0.0,4821.5,1060.73
ORD-01584,2025-05-28,CUST-0058,Printer Ink,Office Supplies,North,5,0.15,296.64,58.59
ORD-01585,2025-07-28,CUST-0280,Smartphone,Technology,West,5,0.2,2648.39,291.32
ORD-01586,2025-05-24,CUST-0231,Smartphone,Technology,South,3,0.05,1899.64,365.68
ORD-01587,2025-01-07,CUST-0460,Laptop Pro,Technology,North,5,0.15,4272.0,587.4
ORD-01588,2025-08-27,CUST-0129,Office Chair,Furniture,West,5,0.0,1046.61,167.46
ORD-01589,2025-06-30,CUST-0408,Desk Lamp,Furniture,East,4,0.2,169.99,8.5
ORD-01590,2025-03-14,CUST-0047,Smartphone,Technology,East,1,0.0,618.86,136.15
ORD-01591,2025-10-20,CUST-0186,Wireless Headphones,Technology,East,1,0.2,98.94,10.88
ORD-01592,2025-08-11,CUST-0373,Wireless Headphones,Technology,East,4,0.1,440.22,72.64
ORD-01593,2025-07-26,CUST-0194,Storage Box,Office Supplies,East,4,0.0,133.65,37.42
ORD-01594,2025-10-03,CUST-0468,Storage Box,Office Supplies,South,2,0.0,59.57,16.68
ORD-01595,2025-04-29,CUST-0442,Desk Lamp,Furniture,East,2,0.2,92.46,4.62
ORD-01596,2025-03-05,CUST-0092,Smartphone,Technology,North,1,0.0,695.55,153.02
ORD-01597,2025-01-11,CUST-0374,Laptop Pro,Technology,South,1,0.05,840.56,161.81
ORD-01598,2025-12-30,CUST-0061,Printer Ink,Office Supplies,North,1,0.0,71.75,20.09
ORD-01599,2025-10-03,CUST-0319,Smartphone,Technology,West,1,0.0,625.93,137.7
ORD-01600,2025-02-21,CUST-0438,Standing Desk,Furniture,North,4,0.1,1426.67,149.8
ORD-01601,2025-10-20,CUST-0312,Printer Ink,Office Supplies,East,3,0.0,212.98,59.63
ORD-01602,2025-03-13,CUST-0338,Printer Ink,Office Supplies,North,5,0.15,293.69,58.0
ORD-01603,2025-12-26,CUST-0041,Printer Ink,Office Supplies,South,1,0.1,65.62,14.76
ORD-01604,2025-04-03,CUST-0143,Laptop Pro,Technology,North,3,0.15,2236.65,307.54
ORD-01605,2025-05-18,CUST-0026,Storage Box,Office Supplies,West,4,0.0,125.25,35.07
ORD-01606,2025-05-05,CUST-0179,Smartphone,Technology,North,2,0.2,967.21,106.39
ORD-01607,2025-04-11,CUST-0342,Laptop Pro,Technology,North,1,0.0,996.97,219.33
ORD-01608,2025-08-11,CUST-0026,Standing Desk,Furniture,South,1,0.0,409.43,65.51
ORD-01609,2025-12-10,CUST-0083,Wireless Headphones,Technology,South,4,0.0,462.44,101.74
ORD-01610,2025-10-05,CUST-0359,Standing Desk,Furniture,East,1,0.2,353.7,17.68
ORD-01611,2025-01-11,CUST-0384,Storage Box,Office Supplies,North,2,0.1,58.68,13.2
ORD-01612,2025-07-09,CUST-0394,Desk Lamp,Furniture,West,2,0.0,109.62,17.54
ORD-01613,2025-09-23,CUST-0420,Standing Desk,Furniture,South,5,0.1,1830.62,192.22
ORD-01614,2025-12-21,CUST-0034,Wireless Headphones,Technology,West,2,0.15,196.61,27.03
ORD-01615,2025-12-09,CUST-0356,Standing Desk,Furniture,South,1,0.0,416.09,66.57
ORD-01616,2025-08-11,CUST-0269,Standing Desk,Furniture,South,4,0.1,1486.77,156.11
ORD-01617,2025-04-16,CUST-0030,Office Chair,Furniture,East,2,0.15,369.13,28.61
ORD-01618,2025-09-22,CUST-0271,Wireless Headphones,Technology,East,3,0.2,298.37,32.82
ORD-01619,2025-06-25,CUST-0310,Wireless Headphones,Technology,South,1,0.2,98.57,10.84
ORD-01620,2025-04-16,CUST-0133,Standing Desk,Furniture,South,4,0.05,1479.8,196.07
ORD-01621,2025-06-16,CUST-0182,Storage Box,Office Supplies,East,2,0.15,58.66,11.59
ORD-01622,2025-02-09,CUST-0267,Smartphone,Technology,East,2,0.1,1079.36,178.09
ORD-01623,2025-03-23,CUST-0453,Printer Ink,Office Supplies,South,2,0.0,155.8,43.62
ORD-01624,2025-11-28,CUST-0001,Office Chair,Furniture,East,2,0.0,453.17,72.51
ORD-01625,2025-11-23,CUST-0408,Wireless Headphones,Technology,North,1,0.2,101.53,11.17
ORD-01626,2025-01-18,CUST-0410,Wireless Headphones,Technology,West,5,0.0,583.51,128.37
ORD-01627,2025-07-15,CUST-0180,Notebook Set,Office Supplies,South,1,0.05,17.82,4.5
ORD-01628,2025-11-14,CUST-0006,Storage Box,Office Supplies,West,5,0.0,152.23,42.62
ORD-01629,2025-12-03,CUST-0405,Office Chair,Furniture,East,1,0.05,198.15,26.25
ORD-01630,2025-03-18,CUST-0282,Wireless Headphones,Technology,South,1,0.15,102.21,14.05
ORD-01631,2025-09-27,CUST-0352,Desk Lamp,Furniture,West,4,0.0,216.58,34.65
ORD-01632,2025-02-08,CUST-0292,Desk Lamp,Furniture,South,5,0.2,215.5,10.77
ORD-01633,2025-06-09,CUST-0170,Laptop Pro,Technology,West,1,0.0,895.47,197.0
ORD-01634,2025-04-30,CUST-0470,Desk Lamp,Furniture,West,2,0.1,93.7,9.84
ORD-01635,2025-05-11,CUST-0070,Printer Ink,Office Supplies,West,2,0.2,118.21,20.1
ORD-01636,2025-07-27,CUST-0457,Printer Ink,Office Supplies,North,3,0.1,205.86,46.32
ORD-01637,2025-07-19,CUST-0402,Storage Box,Office Supplies,West,4,0.1,116.51,26.21
ORD-01638,2025-07-04,CUST-0428,Notebook Set,Office Supplies,West,3,0.0,52.92,14.82
ORD-01639,2025-04-09,CUST-0348,Storage Box,Office Supplies,North,1,0.2,25.06,4.26
ORD-01640,2025-07-06,CUST-0107,Desk Lamp,Furniture,East,2,0.0,111.0,17.76
ORD-01641,2025-10-14,CUST-0034,Desk Lamp,Furniture,West,2,0.05,109.45,14.5
ORD-01642,2025-07-09,CUST-0174,Smartphone,Technology,North,2,0.0,1335.94,293.91
ORD-01643,2025-10-14,CUST-0293,Notebook Set,Office Supplies,East,3,0.0,54.17,15.17
ORD-01644,2025-03-25,CUST-0443,Notebook Set,Office Supplies,North,4,0.0,73.02,20.45
ORD-01645,2025-01-13,CUST-0364,Standing Desk,Furniture,East,2,0.05,845.33,112.01
ORD-01646,2025-04-24,CUST-0255,Laptop Pro,Technology,North,1,0.0,969.35,213.26
ORD-01647,2025-07-24,CUST-0111,Office Chair,Furniture,South,1,0.05,197.36,26.15
ORD-01648,2025-09-30,CUST-0192,Storage Box,Office Supplies,South,5,0.0,159.64,44.7
ORD-01649,2025-08-07,CUST-0228,Laptop Pro,Technology,West,2,0.0,2035.18,447.74
ORD-01650,2025-11-24,CUST-0464,Storage Box,Office Supplies,North,5,0.1,153.78,34.6
ORD-01651,2025-04-21,CUST-0473,Storage Box,Office Supplies,North,1,0.05,30.84,7.79
ORD-01652,2025-08-17,CUST-0159,Printer Ink,Office Supplies,West,1,0.15,66.53,13.14
ORD-01653,2025-07-08,CUST-0421,Desk Lamp,Furniture,North,5,0.0,280.07,44.81
ORD-01654,2025-09-03,CUST-0106,Storage Box,Office Supplies,East,1,0.0,32.07,8.98
ORD-01655,2025-10-13,CUST-0443,Laptop Pro,Technology,South,4,0.2,3251.67,357.68
ORD-01656,2025-08-09,CUST-0478,Storage Box,Office Supplies,North,3,0.05,95.98,24.23
ORD-01657,2025-09-26,CUST-0447,Laptop Pro,Technology,East,1,0.15,746.84,102.69
ORD-01658,2025-05-29,CUST-0053,Wireless Headphones,Technology,South,5,0.0,584.68,128.63
ORD-01659,2025-04-26,CUST-0160,Storage Box,Office Supplies,West,4,0.2,109.13,18.55
ORD-01660,2025-07-21,CUST-0328,Laptop Pro,Technology,East,2,0.05,1805.37,347.53
ORD-01661,2025-06-29,CUST-0147,Office Chair,Furniture,South,3,0.0,665.4,106.46
ORD-01662,2025-11-04,CUST-0344,Standing Desk,Furniture,East,1,0.1,398.51,41.84
ORD-01663,2025-01-01,CUST-0141,Wireless Headphones,Technology,North,2,0.0,221.76,48.79
ORD-01664,2025-04-08,CUST-0287,Wireless Headphones,Technology,North,5,0.15,488.58,67.18
ORD-01665,2025-09-28,CUST-0180,Storage Box,Office Supplies,North,2,0.15,56.35,11.13
ORD-01666,2025-03-13,CUST-0483,Storage Box,Office Supplies,South,1,0.0,30.33,8.49
ORD-01667,2025-11-17,CUST-0037,Standing Desk,Furniture,East,1,0.0,440.26,70.44
ORD-01668,2025-07-09,CUST-0277,Standing Desk,Furniture,East,1,0.05,415.01,54.99
ORD-01669,2025-06-20,CUST-0242,Printer Ink,Office Supplies,North,4,0.0,313.09,87.67
ORD-01670,2025-08-09,CUST-0045,Laptop Pro,Technology,North,2,0.0,1920.0,422.4
ORD-01671,2025-02-25,CUST-0306,Notebook Set,Office Supplies,South,3,0.2,42.27,7.19
ORD-01672,2025-04-12,CUST-0171,Printer Ink,Office Supplies,East,2,0.05,148.19,37.42
ORD-01673,2025-11-06,CUST-0415,Office Chair,Furniture,East,5,0.2,918.75,45.94
ORD-01674,2025-08-15,CUST-0291,Storage Box,Office Supplies,North,1,0.1,28.09,6.32
ORD-01675,2025-11-01,CUST-0240,Smartphone,Technology,North,2,0.2,1116.79,122.85
ORD-01676,2025-03-04,CUST-0330,Wireless Headphones,Technology,South,5,0.2,513.27,56.46
ORD-01677,2025-06-05,CUST-0074,Printer Ink,Office Supplies,South,1,0.0,76.34,21.38
ORD-01678,2025-05-27,CUST-0094,Standing Desk,Furniture,West,5,0.1,1834.83,192.66
ORD-01679,2025-02-07,CUST-0233,Desk Lamp,Furniture,West,4,0.05,212.33,28.13
ORD-01680,2025-09-01,CUST-0058,Printer Ink,Office Supplies,North,2,0.1,131.77,29.65
ORD-01681,2025-06-26,CUST-0145,Desk Lamp,Furniture,South,1,0.0,53.59,8.57
ORD-01682,2025-09-26,CUST-0261,Desk Lamp,Furniture,East,2,0.0,113.13,18.1
ORD-01683,2025-04-15,CUST-0408,Wireless Headphones,Technology,South,2,0.2,195.77,21.53
ORD-01684,2025-03-24,CUST-0037,Wireless Headphones,Technology,South,1,0.2,92.59,10.18
ORD-01685,2025-08-26,CUST-0303,Standing Desk,Furniture,East,5,0.1,1833.5,192.52
ORD-01686,2025-10-11,CUST-0281,Notebook Set,Office Supplies,North,1,0.0,16.82,4.71
ORD-01687,2025-10-31,CUST-0034,Smartphone,Technology,West,5,0.1,2944.19,485.79
ORD-01688,2025-07-27,CUST-0303,Desk Lamp,Furniture,North,1,0.2,47.02,2.35
ORD-01689,2025-05-17,CUST-0291,Notebook Set,Office Supplies,West,4,0.1,61.3,13.79
ORD-01690,2025-03-17,CUST-0089,Desk Lamp,Furniture,East,4,0.0,207.7,33.23
ORD-01691,2025-05-22,CUST-0294,Wireless Headphones,Technology,West,2,0.2,190.36,20.94
ORD-01692,2025-10-17,CUST-0238,Printer Ink,Office Supplies,North,1,0.15,61.17,12.08
ORD-01693,2025-04-28,CUST-0091,Desk Lamp,Furniture,East,1,0.1,52.71,5.53
ORD-01694,2025-12-26,CUST-0307,Standing Desk,Furniture,West,1,0.0,398.31,63.73
ORD-01695,2025-06-01,CUST-0395,Wireless Headphones,Technology,East,2,0.15,191.43,26.32
ORD-01696,2025-10-10,CUST-0339,Notebook Set,Office Supplies,South,5,0.2,75.27,12.8
ORD-01697,2025-06-12,CUST-0455,Laptop Pro,Technology,North,2,0.0,2010.95,442.41
ORD-01698,2025-02-13,CUST-0077,Laptop Pro,Technology,West,1,0.2,786.4,86.5
ORD-01699,2025-12-17,CUST-0316,Printer Ink,Office Supplies,East,1,0.1,71.77,16.15
ORD-01700,2025-05-12,CUST-0450,Printer Ink,Office Supplies,North,4,0.2,232.28,39.49
ORD-01701,2025-05-09,CUST-0156,Desk Lamp,Furniture,North,3,0.2,125.47,6.27
ORD-01702,2025-06-07,CUST-0046,Notebook Set,Office Supplies,East,1,0.05,16.67,4.21
ORD-01703,2025-12-06,CUST-0207,Laptop Pro,Technology,East,1,0.15,849.17,116.76
ORD-01704,2025-10-21,CUST-0190,Smartphone,Technology,West,2,0.0,1298.51,285.67
ORD-01705,2025-09-07,CUST-0361,Storage Box,Office Supplies,West,3,0.0,97.48,27.29
ORD-01706,2025-10-29,CUST-0057,Storage Box,Office Supplies,West,1,0.05,28.77,7.26
ORD-01707,2025-03-11,CUST-0222,Standing Desk,Furniture,West,1,0.0,389.44,62.31
ORD-01708,2025-12-30,CUST-0196,Notebook Set,Office Supplies,East,4,0.2,53.13,9.03
ORD-01709,2025-04-01,CUST-0109,Notebook Set,Office Supplies,South,1,0.15,14.34,2.83
ORD-01710,2025-08-15,CUST-0285,Smartphone,Technology,South,3,0.0,1957.22,430.59
ORD-01711,2025-07-11,CUST-0431,Notebook Set,Office Supplies,West,1,0.05,16.86,4.26
ORD-01712,2025-05-18,CUST-0065,Notebook Set,Office Supplies,North,1,0.2,15.42,2.62
ORD-01713,2025-07-19,CUST-0009,Smartphone,Technology,North,4,0.2,1998.11,219.79
ORD-01714,2025-07-11,CUST-0337,Smartphone,Technology,West,2,0.1,1094.88,180.66
ORD-01715,2025-06-30,CUST-0044,Notebook Set,Office Supplies,West,4,0.0,70.4,19.71
ORD-01716,2025-08-25,CUST-0441,Smartphone,Technology,East,3,0.1,1674.89,276.36
ORD-01717,2025-03-14,CUST-0310,Printer Ink,Office Supplies,West,1,0.2,60.91,10.35
ORD-01718,2025-12-26,CUST-0261,Notebook Set,Office Supplies,East,2,0.1,33.01,7.43
ORD-01719,2025-09-24,CUST-0197,Notebook Set,Office Supplies,East,2,0.1,30.96,6.97
ORD-01720,2025-03-31,CUST-0310,Desk Lamp,Furniture,North,2,0.1,100.08,10.51
ORD-01721,2025-08-08,CUST-0122,Laptop Pro,Technology,East,1,0.2,795.7,87.53
ORD-01722,2025-04-13,CUST-0296,Storage Box,Office Supplies,North,4,0.15,113.71,22.46
ORD-01723,2025-07-03,CUST-0291,Desk Lamp,Furniture,North,4,0.0,207.48,33.2
ORD-01724,2025-01-31,CUST-0298,Printer Ink,Office Supplies,East,2,0.0,138.65,38.82
ORD-01725,2025-10-05,CUST-0073,Printer Ink,Office Supplies,West,5,0.0,404.37,113.22
ORD-01726,2025-11-17,CUST-0239,Storage Box,Office Supplies,West,1,0.05,30.78,7.77
ORD-01727,2025-07-01,CUST-0046,Storage Box,Office Supplies,North,1,0.15,28.61,5.65
ORD-01728,2025-07-28,CUST-0340,Office Chair,Furniture,South,3,0.2,526.09,26.3
ORD-01729,2025-07-27,CUST-0409,Wireless Headphones,Technology,East,5,0.15,482.12,66.29
ORD-01730,2025-09-30,CUST-0274,Standing Desk,Furniture,East,1,0.05,402.66,53.35
ORD-01731,2025-05-21,CUST-0464,Laptop Pro,Technology,South,1,0.15,850.73,116.98
ORD-01732,2025-03-19,CUST-0216,Printer Ink,Office Supplies,East,2,0.05,150.27,37.94
ORD-01733,2025-01-14,CUST-0149,Desk Lamp,Furniture,West,4,0.05,196.95,26.1
ORD-01734,2025-05-23,CUST-0384,Smartphone,Technology,North,3,0.15,1726.95,237.46
ORD-01735,2025-09-26,CUST-0134,Standing Desk,Furniture,West,1,0.15,344.19,26.67
ORD-01736,2025-06-12,CUST-0087,Laptop Pro,Technology,East,2,0.15,1516.46,208.51
ORD-01737,2025-02-27,CUST-0415,Laptop Pro,Technology,East,1,0.05,891.06,171.53
ORD-01738,2025-01-26,CUST-0065,Laptop Pro,Technology,North,4,0.0,3785.16,832.74
ORD-01739,2025-01-20,CUST-0130,Storage Box,Office Supplies,North,3,0.05,86.26,21.78
ORD-01740,2025-08-30,CUST-0440,Smartphone,Technology,East,1,0.05,600.91,115.68
ORD-01741,2025-09-06,CUST-0310,Standing Desk,Furniture,North,3,0.0,1329.52,212.72
ORD-01742,2025-02-13,CUST-0078,Smartphone,Technology,West,4,0.2,2084.09,229.25
ORD-01743,2025-03-04,CUST-0134,Printer Ink,Office Supplies,South,1,0.0,69.53,19.47
ORD-01744,2025-12-03,CUST-0442,Office Chair,Furniture,South,1,0.15,182.65,14.16
ORD-01745,2025-04-10,CUST-0496,Laptop Pro,Technology,South,1,0.0,935.29,205.76
ORD-01746,2025-02-13,CUST-0429,Smartphone,Technology,East,5,0.0,3156.22,694.37
ORD-01747,2025-05-25,CUST-0395,Printer Ink,Office Supplies,West,4,0.1,259.43,58.37
ORD-01748,2025-03-06,CUST-0372,Notebook Set,Office Supplies,North,1,0.1,15.82,3.56
ORD-01749,2025-05-21,CUST-0432,Smartphone,Technology,North,3,0.2,1603.89,176.43
ORD-01750,2025-08-27,CUST-0387,Desk Lamp,Furniture,North,3,0.05,148.77,19.71
ORD-01751,2025-07-06,CUST-0205,Wireless Headphones,Technology,North,5,0.1,568.28,93.77
ORD-01752,2025-07-09,CUST-0486,Printer Ink,Office Supplies,South,2,0.2,118.45,20.14
ORD-01753,2025-10-11,CUST-0362,Storage Box,Office Supplies,North,5,0.2,135.77,23.08
ORD-01754,2025-10-14,CUST-0272,Notebook Set,Office Supplies,South,1,0.0,17.23,4.82
ORD-01755,2025-10-07,CUST-0196,Notebook Set,Office Supplies,North,4,0.1,67.2,15.12
ORD-01756,2025-07-20,CUST-0490,Desk Lamp,Furniture,West,4,0.2,168.13,8.41
ORD-01757,2025-09-21,CUST-0327,Laptop Pro,Technology,North,4,0.15,3454.45,474.99
ORD-01758,2025-04-13,CUST-0313,Desk Lamp,Furniture,West,1,0.1,48.05,5.05
ORD-01759,2025-10-13,CUST-0411,Standing Desk,Furniture,South,1,0.05,387.18,51.3
ORD-01760,2025-07-16,CUST-0201,Wireless Headphones,Technology,North,2,0.15,201.66,27.73
ORD-01761,2025-03-01,CUST-0124,Printer Ink,Office Supplies,West,1,0.2,63.11,10.73
ORD-01762,2025-06-22,CUST-0354,Office Chair,Furniture,South,4,0.2,741.5,37.07
ORD-01763,2025-05-02,CUST-0345,Smartphone,Technology,South,2,0.0,1285.71,282.86
ORD-01764,2025-01-04,CUST-0211,Laptop Pro,Technology,West,2,0.0,2026.18,445.76
ORD-01765,2025-10-15,CUST-0229,Wireless Headphones,Technology,East,1,0.2,101.29,11.14
ORD-01766,2025-04-06,CUST-0129,Desk Lamp,Furniture,North,1,0.05,50.65,6.71
ORD-01767,2025-07-31,CUST-0048,Office Chair,Furniture,North,3,0.15,545.31,42.26
ORD-01768,2025-11-19,CUST-0458,Laptop Pro,Technology,West,1,0.2,699.98,77.0
ORD-01769,2025-04-06,CUST-0063,Office Chair,Furniture,West,2,0.2,342.11,17.11
ORD-01770,2025-12-03,CUST-0067,Wireless Headphones,Technology,North,1,0.15,97.28,13.38
ORD-01771,2025-08-02,CUST-0290,Notebook Set,Office Supplies,East,5,0.2,75.52,12.84
ORD-01772,2025-01-22,CUST-0095,Smartphone,Technology,West,1,0.2,511.7,56.29
ORD-01773,2025-09-04,CUST-0480,Standing Desk,Furniture,North,1,0.2,333.55,16.68
ORD-01774,2025-01-03,CUST-0394,Wireless Headphones,Technology,East,1,0.05,115.89,22.31
ORD-01775,2025-03-28,CUST-0395,Notebook Set,Office Supplies,East,3,0.2,44.5,7.57
ORD-01776,2025-04-23,CUST-0142,Desk Lamp,Furniture,North,1,0.0,58.86,9.42
ORD-01777,2025-10-06,CUST-0031,Laptop Pro,Technology,South,1,0.05,920.23,177.14
ORD-01778,2025-06-24,CUST-0092,Standing Desk,Furniture,West,2,0.05,773.39,102.47
ORD-01779,2025-09-13,CUST-0313,Printer Ink,Office Supplies,North,4,0.0,296.03,82.89
ORD-01780,2025-08-25,CUST-0056,Notebook Set,Office Supplies,North,5,0.1,79.94,17.99
ORD-01781,2025-01-25,CUST-0112,Smartphone,Technology,East,1,0.1,622.25,102.67
ORD-01782,2025-11-10,CUST-0133,Wireless Headphones,Technology,West,3,0.2,269.58,29.65
ORD-01783,2025-01-25,CUST-0293,Wireless Headphones,Technology,North,3,0.0,340.39,74.89
ORD-01784,2025-02-17,CUST-0460,Standing Desk,Furniture,West,1,0.0,391.56,62.65
ORD-01785,2025-01-11,CUST-0001,Printer Ink,Office Supplies,North,2,0.2,126.43,21.49
ORD-01786,2025-06-22,CUST-0078,Laptop Pro,Technology,East,4,0.05,3399.44,654.39
ORD-01787,2025-03-05,CUST-0002,Desk Lamp,Furniture,West,1,0.15,49.94,3.87
ORD-01788,2025-10-25,CUST-0245,Storage Box,Office Supplies,East,1,0.1,26.73,6.01
ORD-01789,2025-11-27,CUST-0400,Notebook Set,Office Supplies,South,5,0.2,72.85,12.38
ORD-01790,2025-01-18,CUST-0197,Wireless Headphones,Technology,East,1,0.0,110.95,24.41
ORD-01791,2025-12-12,CUST-0479,Printer Ink,Office Supplies,North,5,0.15,293.83,58.03
ORD-01792,2025-12-30,CUST-0206,Desk Lamp,Furniture,South,1,0.05,50.63,6.71
ORD-01793,2025-10-31,CUST-0047,Laptop Pro,Technology,East,1,0.2,770.74,84.78
ORD-01794,2025-11-29,CUST-0042,Desk Lamp,Furniture,East,2,0.05,112.42,14.9
ORD-01795,2025-05-10,CUST-0332,Printer Ink,Office Supplies,West,1,0.05,68.69,17.34
ORD-01796,2025-10-10,CUST-0496,Office Chair,Furniture,North,4,0.0,847.83,135.65
ORD-01797,2025-09-20,CUST-0357,Notebook Set,Office Supplies,East,4,0.05,67.03,16.93
ORD-01798,2025-03-04,CUST-0353,Notebook Set,Office Supplies,West,5,0.2,67.31,11.44
ORD-01799,2025-05-21,CUST-0225,Desk Lamp,Furniture,South,3,0.2,124.89,6.24
ORD-01800,2025-03-04,CUST-0013,Office Chair,Furniture,North,2,0.0,427.16,68.35
ORD-01801,2025-10-19,CUST-0406,Office Chair,Furniture,South,2,0.0,410.97,65.76
ORD-01802,2025-03-31,CUST-0274,Storage Box,Office Supplies,East,5,0.1,136.93,30.81
ORD-01803,2025-04-28,CUST-0019,Printer Ink,Office Supplies,West,2,0.0,153.03,42.85
ORD-01804,2025-04-11,CUST-0022,Desk Lamp,Furniture,North,3,0.2,127.35,6.37
ORD-01805,2025-09-27,CUST-0342,Notebook Set,Office Supplies,North,1,0.2,14.78,2.51
ORD-01806,2025-06-29,CUST-0446,Storage Box,Office Supplies,South,2,0.2,53.32,9.06
ORD-01807,2025-10-12,CUST-0120,Storage Box,Office Supplies,North,1,0.15,27.13,5.36
ORD-01808,2025-10-02,CUST-0251,Wireless Headphones,Technology,North,2,0.0,242.76,53.41
ORD-01809,2025-03-05,CUST-0024,Laptop Pro,Technology,South,2,0.15,1682.23,231.31
ORD-01810,2025-10-12,CUST-0008,Office Chair,Furniture,East,2,0.0,456.47,73.04
ORD-01811,2025-11-15,CUST-0421,Smartphone,Technology,East,2,0.05,1216.76,234.23
ORD-01812,2025-08-12,CUST-0428,Wireless Headphones,Technology,South,5,0.0,568.44,125.06
ORD-01813,2025-12-22,CUST-0059,Wireless Headphones,Technology,West,3,0.0,353.77,77.83
ORD-01814,2025-02-03,CUST-0113,Printer Ink,Office Supplies,East,2,0.15,122.33,24.16
ORD-01815,2025-08-09,CUST-0173,Wireless Headphones,Technology,West,2,0.1,229.34,37.84
ORD-01816,2025-11-25,CUST-0295,Notebook Set,Office Supplies,South,4,0.2,54.02,9.18
ORD-01817,2025-02-07,CUST-0392,Storage Box,Office Supplies,North,3,0.0,101.76,28.49
ORD-01818,2025-12-01,CUST-0033,Laptop Pro,Technology,East,1,0.05,850.68,163.76
ORD-01819,2025-10-15,CUST-0087,Wireless Headphones,Technology,North,2,0.1,202.37,33.39
ORD-01820,2025-01-05,CUST-0125,Desk Lamp,Furniture,East,2,0.1,101.48,10.66
ORD-01821,2025-03-16,CUST-0314,Laptop Pro,Technology,North,2,0.2,1418.35,156.02
ORD-01822,2025-11-20,CUST-0451,Notebook Set,Office Supplies,West,2,0.0,38.82,10.87
ORD-01823,2025-03-18,CUST-0092,Printer Ink,Office Supplies,North,1,0.0,74.33,20.81
ORD-01824,2025-04-05,CUST-0455,Wireless Headphones,Technology,East,4,0.15,383.02,52.67
ORD-01825,2025-06-08,CUST-0355,Standing Desk,Furniture,South,5,0.1,1969.13,206.76
ORD-01826,2025-12-07,CUST-0139,Smartphone,Technology,North,2,0.2,1062.95,116.92
ORD-01827,2025-04-05,CUST-0481,Storage Box,Office Supplies,South,2,0.0,66.74,18.69
ORD-01828,2025-07-06,CUST-0306,Smartphone,Technology,East,2,0.0,1288.86,283.55
ORD-01829,2025-07-13,CUST-0487,Smartphone,Technology,East,2,0.15,1134.24,155.96
ORD-01830,2025-12-18,CUST-0179,Wireless Headphones,Technology,East,5,0.05,583.21,112.27
ORD-01831,2025-09-02,CUST-0099,Notebook Set,Office Supplies,North,4,0.0,74.18,20.77
ORD-01832,2025-05-09,CUST-0317,Wireless Headphones,Technology,West,1,0.0,121.08,26.64
ORD-01833,2025-01-04,CUST-0260,Desk Lamp,Furniture,West,4,0.15,172.52,13.37
ORD-01834,2025-11-02,CUST-0338,Office Chair,Furniture,South,2,0.2,326.1,16.3
ORD-01835,2025-08-13,CUST-0058,Office Chair,Furniture,North,1,0.0,237.32,37.97
ORD-01836,2025-11-17,CUST-0255,Smartphone,Technology,East,4,0.1,2231.54,368.2
ORD-01837,2025-04-16,CUST-0028,Smartphone,Technology,North,4,0.0,2497.26,549.4
ORD-01838,2025-10-07,CUST-0129,Desk Lamp,Furniture,North,2,0.1,92.71,9.73
ORD-01839,2025-10-23,CUST-0023,Desk Lamp,Furniture,East,1,0.1,50.88,5.34
ORD-01840,2025-07-14,CUST-0091,Wireless Headphones,Technology,West,2,0.15,192.63,26.49
ORD-01841,2025-10-10,CUST-0264,Smartphone,Technology,West,1,0.1,626.55,103.38
ORD-01842,2025-11-01,CUST-0370,Wireless Headphones,Technology,North,5,0.0,552.52,121.55
ORD-01843,2025-07-01,CUST-0215,Printer Ink,Office Supplies,East,3,0.05,209.58,52.92
ORD-01844,2025-10-11,CUST-0118,Office Chair,Furniture,West,1,0.05,192.89,25.56
ORD-01845,2025-09-23,CUST-0122,Wireless Headphones,Technology,South,2,0.0,257.01,56.54
ORD-01846,2025-08-13,CUST-0457,Notebook Set,Office Supplies,West,2,0.1,33.24,7.48
ORD-01847,2025-02-11,CUST-0249,Office Chair,Furniture,North,4,0.15,695.33,53.89
ORD-01848,2025-07-27,CUST-0111,Laptop Pro,Technology,West,2,0.0,1932.22,425.09
ORD-01849,2025-08-30,CUST-0070,Printer Ink,Office Supplies,North,1,0.05,66.84,16.88
ORD-01850,2025-12-02,CUST-0184,Printer Ink,Office Supplies,East,1,0.2,56.96,9.68
ORD-01851,2025-03-30,CUST-0017,Standing Desk,Furniture,North,1,0.0,414.04,66.25
ORD-01852,2025-03-14,CUST-0437,Laptop Pro,Technology,North,2,0.0,1756.46,386.42
ORD-01853,2025-01-10,CUST-0390,Printer Ink,Office Supplies,South,5,0.0,393.41,110.15
ORD-01854,2025-06-25,CUST-0310,Desk Lamp,Furniture,North,2,0.05,104.21,13.81
ORD-01855,2025-03-07,CUST-0488,Smartphone,Technology,West,1,0.2,534.38,58.78
ORD-01856,2025-06-13,CUST-0438,Smartphone,Technology,East,5,0.15,2759.23,379.39
ORD-01857,2025-06-08,CUST-0251,Office Chair,Furniture,North,1,0.15,200.92,15.57
ORD-01858,2025-10-12,CUST-0143,Office Chair,Furniture,East,4,0.1,841.47,88.35
ORD-01859,2025-06-05,CUST-0447,Laptop Pro,Technology,West,2,0.2,1535.55,168.91
ORD-01860,2025-10-07,CUST-0297,Office Chair,Furniture,North,2,0.1,368.72,38.72
ORD-01861,2025-11-30,CUST-0485,Office Chair,Furniture,West,2,0.15,380.04,29.45
ORD-01862,2025-06-11,CUST-0214,Smartphone,Technology,West,5,0.0,3438.76,756.53
ORD-01863,2025-05-30,CUST-0376,Laptop Pro,Technology,North,5,0.1,4515.49,745.06
ORD-01864,2025-06-22,CUST-0202,Storage Box,Office Supplies,North,2,0.15,56.37,11.13
ORD-01865,2025-05-07,CUST-0421,Printer Ink,Office Supplies,West,5,0.2,323.73,55.03
ORD-01866,2025-08-05,CUST-0043,Wireless Headphones,Technology,South,5,0.0,616.93,135.72
ORD-01867,2025-06-13,CUST-0375,Storage Box,Office Supplies,West,2,0.2,54.85,9.32
ORD-01868,2025-07-14,CUST-0184,Notebook Set,Office Supplies,West,4,0.0,66.25,18.55
ORD-01869,2025-05-03,CUST-0009,Standing Desk,Furniture,North,5,0.0,2005.21,320.83
ORD-01870,2025-05-29,CUST-0361,Printer Ink,Office Supplies,East,5,0.0,352.67,98.75
ORD-01871,2025-08-19,CUST-0299,Printer Ink,Office Supplies,West,4,0.2,222.43,37.81
ORD-01872,2025-12-03,CUST-0396,Laptop Pro,Technology,West,2,0.1,1802.28,297.38
ORD-01873,2025-11-13,CUST-0095,Smartphone,Technology,West,4,0.1,2200.08,363.01
ORD-01874,2025-01-15,CUST-0325,Desk Lamp,Furniture,East,2,0.2,93.97,4.7
ORD-01875,2025-11-06,CUST-0198,Laptop Pro,Technology,West,4,0.0,3799.37,835.86
ORD-01876,2025-09-18,CUST-0219,Desk Lamp,Furniture,East,2,0.05,111.09,14.72
ORD-01877,2025-12-09,CUST-0278,Standing Desk,Furniture,East,5,0.15,1724.52,133.65
ORD-01878,2025-07-25,CUST-0318,Office Chair,Furniture,West,4,0.0,935.08,149.61
ORD-01879,2025-09-02,CUST-0264,Desk Lamp,Furniture,West,4,0.0,213.76,34.2
ORD-01880,2025-03-24,CUST-0197,Desk Lamp,Furniture,West,3,0.0,152.14,24.34
ORD-01881,2025-10-15,CUST-0188,Desk Lamp,Furniture,South,5,0.0,292.35,46.78
ORD-01882,2025-07-31,CUST-0361,Desk Lamp,Furniture,North,1,0.15,49.73,3.85
ORD-01883,2025-10-12,CUST-0071,Wireless Headphones,Technology,East,3,0.0,377.99,83.16
ORD-01884,2025-04-05,CUST-0333,Desk Lamp,Furniture,North,3,0.0,169.39,27.1
ORD-01885,2025-11-21,CUST-0447,Printer Ink,Office Supplies,West,2,0.15,121.9,24.08
ORD-01886,2025-03-13,CUST-0165,Office Chair,Furniture,West,4,0.0,877.19,140.35
ORD-01887,2025-12-09,CUST-0349,Desk Lamp,Furniture,West,5,0.15,221.67,17.18
ORD-01888,2025-02-23,CUST-0191,Notebook Set,Office Supplies,North,5,0.0,88.63,24.82
ORD-01889,2025-02-23,CUST-0270,Desk Lamp,Furniture,South,1,0.15,43.5,3.37
ORD-01890,2025-01-20,CUST-0348,Wireless Headphones,Technology,South,3,0.15,304.23,41.83
ORD-01891,2025-02-27,CUST-0318,Storage Box,Office Supplies,West,2,0.1,55.81,12.56
ORD-01892,2025-12-03,CUST-0415,Desk Lamp,Furniture,West,1,0.2,45.21,2.26
ORD-01893,2025-11-22,CUST-0045,Wireless Headphones,Technology,North,5,0.1,524.04,86.47
ORD-01894,2025-06-10,CUST-0148,Wireless Headphones,Technology,South,1,0.0,124.58,27.41
ORD-01895,2025-07-16,CUST-0058,Wireless Headphones,Technology,North,1,0.05,107.06,20.61
ORD-01896,2025-07-31,CUST-0267,Smartphone,Technology,South,2,0.0,1249.4,274.87
ORD-01897,2025-06-16,CUST-0278,Laptop Pro,Technology,North,2,0.2,1501.99,165.22
ORD-01898,2025-10-02,CUST-0228,Smartphone,Technology,South,3,0.1,1640.57,270.69
ORD-01899,2025-06-20,CUST-0012,Laptop Pro,Technology,North,2,0.0,1952.81,429.62
ORD-01900,2025-03-27,CUST-0331,Office Chair,Furniture,West,2,0.15,370.59,28.72
ORD-01901,2025-12-31,CUST-0336,Desk Lamp,Furniture,South,3,0.05,150.04,19.88
ORD-01902,2025-07-19,CUST-0357,Desk Lamp,Furniture,South,1,0.2,44.17,2.21
ORD-01903,2025-04-25,CUST-0235,Storage Box,Office Supplies,West,1,0.1,27.87,6.27
ORD-01904,2025-03-18,CUST-0088,Standing Desk,Furniture,East,2,0.05,832.67,110.33
ORD-01905,2025-07-30,CUST-0498,Standing Desk,Furniture,North,5,0.05,1869.07,247.65
ORD-01906,2025-09-25,CUST-0076,Standing Desk,Furniture,West,4,0.0,1691.92,270.71
ORD-01907,2025-09-24,CUST-0317,Desk Lamp,Furniture,North,1,0.0,53.2,8.51
ORD-01908,2025-01-11,CUST-0094,Smartphone,Technology,East,3,0.05,1859.38,357.93
ORD-01909,2025-10-02,CUST-0464,Smartphone,Technology,West,5,0.2,2558.05,281.39
ORD-01910,2025-08-18,CUST-0022,Smartphone,Technology,North,1,0.0,661.82,145.6
ORD-01911,2025-03-06,CUST-0134,Desk Lamp,Furniture,East,1,0.1,51.95,5.45
ORD-01912,2025-02-21,CUST-0363,Desk Lamp,Furniture,North,3,0.15,149.08,11.55
ORD-01913,2025-09-20,CUST-0076,Laptop Pro,Technology,East,1,0.05,961.38,185.07
ORD-01914,2025-11-20,CUST-0274,Desk Lamp,Furniture,South,1,0.0,56.76,9.08
ORD-01915,2025-12-24,CUST-0208,Standing Desk,Furniture,North,3,0.0,1227.2,196.35
ORD-01916,2025-02-20,CUST-0476,Printer Ink,Office Supplies,West,2,0.1,135.64,30.52
ORD-01917,2025-11-05,CUST-0280,Desk Lamp,Furniture,North,5,0.2,234.93,11.75
ORD-01918,2025-09-26,CUST-0152,Storage Box,Office Supplies,South,1,0.2,26.96,4.58
ORD-01919,2025-02-23,CUST-0342,Printer Ink,Office Supplies,West,1,0.15,68.51,13.53
ORD-01920,2025-09-17,CUST-0465,Smartphone,Technology,West,1,0.2,555.83,61.14
ORD-01921,2025-01-07,CUST-0375,Printer Ink,Office Supplies,South,3,0.0,218.06,61.06
ORD-01922,2025-12-14,CUST-0348,Printer Ink,Office Supplies,West,3,0.0,226.82,63.51
ORD-01923,2025-10-06,CUST-0206,Storage Box,Office Supplies,North,1,0.0,32.43,9.08
ORD-01924,2025-11-09,CUST-0168,Office Chair,Furniture,South,1,0.0,231.12,36.98
ORD-01925,2025-01-29,CUST-0299,Laptop Pro,Technology,East,1,0.0,885.66,194.85
ORD-01926,2025-09-27,CUST-0101,Storage Box,Office Supplies,North,3,0.05,84.8,21.41
ORD-01927,2025-12-14,CUST-0347,Laptop Pro,Technology,North,1,0.1,801.15,132.19
ORD-01928,2025-08-26,CUST-0100,Wireless Headphones,Technology,West,3,0.1,346.86,57.23
ORD-01929,2025-06-22,CUST-0262,Printer Ink,Office Supplies,South,4,0.15,253.05,49.98
ORD-01930,2025-08-05,CUST-0204,Laptop Pro,Technology,West,1,0.05,830.33,159.84
ORD-01931,2025-02-16,CUST-0190,Smartphone,Technology,East,2,0.1,1159.15,191.26
ORD-01932,2025-09-01,CUST-0177,Notebook Set,Office Supplies,South,1,0.05,15.9,4.01
ORD-01933,2025-03-28,CUST-0448,Desk Lamp,Furniture,South,1,0.1,52.99,5.56
ORD-01934,2025-10-05,CUST-0455,Storage Box,Office Supplies,North,1,0.2,27.46,4.67
ORD-01935,2025-06-18,CUST-0412,Printer Ink,Office Supplies,West,1,0.1,67.26,15.13
ORD-01936,2025-11-02,CUST-0497,Printer Ink,Office Supplies,North,3,0.2,190.6,32.4
ORD-01937,2025-06-10,CUST-0072,Notebook Set,Office Supplies,West,1,0.1,15.33,3.45
ORD-01938,2025-07-07,CUST-0244,Wireless Headphones,Technology,North,1,0.05,105.57,20.32
ORD-01939,2025-05-12,CUST-0478,Storage Box,Office Supplies,West,1,0.0,33.01,9.24
ORD-01940,2025-09-17,CUST-0328,Notebook Set,Office Supplies,North,1,0.1,15.01,3.38
ORD-01941,2025-06-27,CUST-0237,Standing Desk,Furniture,South,1,0.15,334.07,25.89
ORD-01942,2025-01-08,CUST-0149,Smartphone,Technology,North,2,0.1,1124.0,185.46
ORD-01943,2025-10-19,CUST-0428,Storage Box,Office Supplies,South,1,0.05,30.55,7.71
ORD-01944,2025-10-26,CUST-0238,Standing Desk,Furniture,South,1,0.2,340.99,17.05
ORD-01945,2025-05-26,CUST-0079,Office Chair,Furniture,North,2,0.0,425.66,68.11
ORD-01946,2025-01-16,CUST-0428,Standing Desk,Furniture,South,1,0.2,317.26,15.86
ORD-01947,2025-07-06,CUST-0458,Printer Ink,Office Supplies,North,4,0.2,243.67,41.42
ORD-01948,2025-01-17,CUST-0465,Standing Desk,Furniture,South,4,0.1,1618.34,169.93
ORD-01949,2025-02-08,CUST-0253,Office Chair,Furniture,North,1,0.05,219.98,29.15
ORD-01950,2025-06-07,CUST-0298,Wireless Headphones,Technology,East,3,0.05,340.73,65.59
ORD-01951,2025-04-18,CUST-0322,Printer Ink,Office Supplies,East,2,0.05,149.99,37.87
ORD-01952,2025-01-18,CUST-0192,Printer Ink,Office Supplies,West,1,0.0,72.32,20.25
ORD-01953,2025-09-10,CUST-0433,Storage Box,Office Supplies,West,1,0.0,31.09,8.71
ORD-01954,2025-12-12,CUST-0075,Standing Desk,Furniture,North,4,0.0,1633.14,261.3
ORD-01955,2025-03-11,CUST-0070,Desk Lamp,Furniture,South,2,0.2,81.53,4.08
ORD-01956,2025-03-27,CUST-0185,Desk Lamp,Furniture,North,1,0.05,52.39,6.94
ORD-01957,2025-04-05,CUST-0025,Notebook Set,Office Supplies,East,3,0.05,54.88,13.86
ORD-01958,2025-09-06,CUST-0480,Standing Desk,Furniture,North,1,0.2,334.99,16.75
ORD-01959,2025-08-17,CUST-0094,Wireless Headphones,Technology,South,2,0.2,205.84,22.64
ORD-01960,2025-06-04,CUST-0279,Wireless Headphones,Technology,East,4,0.0,517.06,113.75
ORD-01961,2025-11-28,CUST-0410,Desk Lamp,Furniture,West,4,0.2,168.3,8.41
ORD-01962,2025-08-23,CUST-0353,Standing Desk,Furniture,North,3,0.2,984.06,49.2
ORD-01963,2025-09-15,CUST-0181,Desk Lamp,Furniture,North,2,0.15,86.38,6.69
ORD-01964,2025-06-21,CUST-0145,Smartphone,Technology,North,3,0.15,1558.61,214.31
ORD-01965,2025-05-15,CUST-0175,Desk Lamp,Furniture,West,1,0.1,49.18,5.16
ORD-01966,2025-07-05,CUST-0258,Smartphone,Technology,North,1,0.0,684.88,150.67
ORD-01967,2025-04-05,CUST-0315,Office Chair,Furniture,West,1,0.15,185.24,14.36
ORD-01968,2025-07-29,CUST-0283,Storage Box,Office Supplies,West,2,0.2,50.0,8.5
ORD-01969,2025-04-03,CUST-0060,Wireless Headphones,Technology,South,5,0.0,605.25,133.16
ORD-01970,2025-06-21,CUST-0179,Smartphone,Technology,West,4,0.1,2389.22,394.22
ORD-01971,2025-01-25,CUST-0419,Standing Desk,Furniture,East,4,0.0,1706.49,273.04
ORD-01972,2025-02-24,CUST-0268,Printer Ink,Office Supplies,West,1,0.15,68.42,13.51
ORD-01973,2025-06-16,CUST-0015,Desk Lamp,Furniture,North,2,0.05,103.08,13.66
ORD-01974,2025-06-28,CUST-0073,Wireless Headphones,Technology,North,4,0.2,382.67,42.09
ORD-01975,2025-05-30,CUST-0067,Office Chair,Furniture,South,5,0.0,1157.17,185.15
ORD-01976,2025-07-16,CUST-0040,Wireless Headphones,Technology,South,1,0.0,115.84,25.48
ORD-01977,2025-11-26,CUST-0022,Laptop Pro,Technology,West,1,0.1,877.78,144.83
ORD-01978,2025-09-28,CUST-0263,Office Chair,Furniture,North,4,0.2,697.45,34.87
ORD-01979,2025-12-05,CUST-0023,Laptop Pro,Technology,South,1,0.05,859.51,165.46
ORD-01980,2025-02-04,CUST-0387,Wireless Headphones,Technology,South,3,0.0,353.38,77.74
ORD-01981,2025-10-21,CUST-0106,Wireless Headphones,Technology,West,2,0.15,218.77,30.08
ORD-01982,2025-03-08,CUST-0015,Office Chair,Furniture,North,5,0.05,1006.65,133.38
ORD-01983,2025-05-02,CUST-0483,Wireless Headphones,Technology,North,2,0.2,191.21,21.03
ORD-01984,2025-06-28,CUST-0181,Standing Desk,Furniture,West,2,0.05,737.46,97.71
ORD-01985,2025-05-16,CUST-0314,Smartphone,Technology,West,4,0.2,2086.81,229.55
ORD-01986,2025-07-14,CUST-0051,Office Chair,Furniture,South,5,0.0,1047.52,167.6
ORD-01987,2025-11-30,CUST-0099,Laptop Pro,Technology,East,2,0.2,1426.01,156.86
ORD-01988,2025-11-23,CUST-0003,Standing Desk,Furniture,North,4,0.15,1491.47,115.59
ORD-01989,2025-08-14,CUST-0436,Wireless Headphones,Technology,West,1,0.15,108.57,14.93
ORD-01990,2025-04-23,CUST-0095,Printer Ink,Office Supplies,South,2,0.15,126.5,24.98
ORD-01991,2025-09-23,CUST-0093,Printer Ink,Office Supplies,East,1,0.0,76.07,21.3
ORD-01992,2025-07-19,CUST-0110,Desk Lamp,Furniture,West,5,0.1,245.58,25.79
ORD-01993,2025-11-02,CUST-0390,Storage Box,Office Supplies,North,2,0.0,68.96,19.31
ORD-01994,2025-07-07,CUST-0267,Desk Lamp,Furniture,North,1,0.0,57.26,9.16
ORD-01995,2025-11-30,CUST-0361,Smartphone,Technology,South,1,0.05,584.51,112.52
ORD-01996,2025-10-06,CUST-0043,Standing Desk,Furniture,East,1,0.0,432.82,69.25
ORD-01997,2025-01-25,CUST-0146,Desk Lamp,Furniture,South,1,0.1,52.89,5.55
ORD-01998,2025-02-12,CUST-0352,Printer Ink,Office Supplies,East,3,0.05,206.43,52.12
ORD-01999,2025-11-11,CUST-0149,Printer Ink,Office Supplies,North,2,0.1,127.87,28.77
ORD-02000,2025-04-02,CUST-0459,Notebook Set,Office Supplies,North,1,0.0,17.51,4.9
ORD-02001,2025-06-09,CUST-0092,Printer Ink,Office Supplies,West,4,0.05,281.06,70.97
ORD-02002,2025-08-08,CUST-0345,Laptop Pro,Technology,West,1,0.1,789.64,130.29
ORD-02003,2025-09-06,CUST-0338,Wireless Headphones,Technology,South,1,0.15,94.52,13.0
ORD-02004,2025-01-06,CUST-0206,Wireless Headphones,Technology,North,5,0.1,580.02,95.7
ORD-02005,2025-04-04,CUST-0034,Wireless Headphones,Technology,West,2,0.0,229.9,50.58
ORD-02006,2025-01-25,CUST-0103,Desk Lamp,Furniture,West,2,0.05,99.13,13.13
ORD-02007,2025-12-04,CUST-0372,Notebook Set,Office Supplies,North,1,0.1,16.43,3.7
ORD-02008,2025-10-28,CUST-0393,Printer Ink,Office Supplies,North,1,0.2,58.39,9.93
ORD-02009,2025-03-17,CUST-0483,Standing Desk,Furniture,West,4,0.2,1330.46,66.52
ORD-02010,2025-04-21,CUST-0309,Notebook Set,Office Supplies,South,1,0.2,14.74,2.51
ORD-02011,2025-05-27,CUST-0143,Notebook Set,Office Supplies,West,1,0.15,14.87,2.94
ORD-02012,2025-01-26,CUST-0063,Smartphone,Technology,West,3,0.0,2094.02,460.68
ORD-02013,2025-02-14,CUST-0322,Standing Desk,Furniture,South,2,0.0,838.64,134.18
ORD-02014,2025-07-12,CUST-0028,Smartphone,Technology,North,1,0.2,539.94,59.39
ORD-02015,2025-08-02,CUST-0498,Wireless Headphones,Technology,South,4,0.0,442.88,97.43
ORD-02016,2025-10-02,CUST-0168,Smartphone,Technology,South,1,0.2,545.83,60.04
ORD-02017,2025-08-08,CUST-0050,Smartphone,Technology,South,2,0.15,1145.94,157.57
ORD-02018,2025-10-16,CUST-0393,Wireless Headphones,Technology,East,1,0.15,102.36,14.07
ORD-02019,2025-06-29,CUST-0151,Printer Ink,Office Supplies,West,2,0.0,142.35,39.86
ORD-02020,2025-02-06,CUST-0278,Printer Ink,Office Supplies,South,1,0.05,75.7,19.11
ORD-02021,2025-05-07,CUST-0280,Desk Lamp,Furniture,West,1,0.15,46.45,3.6
ORD-02022,2025-10-21,CUST-0221,Laptop Pro,Technology,West,2,0.0,1936.06,425.93
ORD-02023,2025-11-06,CUST-0437,Wireless Headphones,Technology,South,3,0.05,322.04,61.99
ORD-02024,2025-06-22,CUST-0017,Notebook Set,Office Supplies,South,3,0.0,49.78,13.94
ORD-02025,2025-08-02,CUST-0453,Smartphone,Technology,East,2,0.05,1221.97,235.23
ORD-02026,2025-03-26,CUST-0160,Smartphone,Technology,South,1,0.0,640.54,140.92
ORD-02027,2025-05-14,CUST-0292,Notebook Set,Office Supplies,South,4,0.0,69.73,19.52
ORD-02028,2025-12-09,CUST-0277,Printer Ink,Office Supplies,East,1,0.2,61.93,10.53
ORD-02029,2025-12-18,CUST-0260,Printer Ink,Office Supplies,South,3,0.0,240.79,67.42
ORD-02030,2025-05-26,CUST-0303,Laptop Pro,Technology,South,4,0.1,3279.81,541.17
ORD-02031,2025-11-09,CUST-0393,Notebook Set,Office Supplies,East,4,0.05,68.99,17.42
ORD-02032,2025-10-28,CUST-0303,Standing Desk,Furniture,South,2,0.0,801.04,128.17
ORD-02033,2025-10-30,CUST-0179,Laptop Pro,Technology,North,5,0.05,4335.28,834.54
ORD-02034,2025-05-15,CUST-0175,Laptop Pro,Technology,West,1,0.2,704.47,77.49
ORD-02035,2025-12-13,CUST-0183,Notebook Set,Office Supplies,North,3,0.05,49.91,12.6
ORD-02036,2025-09-02,CUST-0126,Notebook Set,Office Supplies,South,2,0.2,28.4,4.83
ORD-02037,2025-01-21,CUST-0304,Office Chair,Furniture,North,1,0.05,209.44,27.75
ORD-02038,2025-10-28,CUST-0445,Wireless Headphones,Technology,West,2,0.0,237.72,52.3
ORD-02039,2025-05-28,CUST-0011,Standing Desk,Furniture,North,2,0.0,895.37,143.26
ORD-02040,2025-04-02,CUST-0337,Storage Box,Office Supplies,South,1,0.1,29.69,6.68
ORD-02041,2025-01-25,CUST-0137,Notebook Set,Office Supplies,East,1,0.1,14.92,3.36
ORD-02042,2025-05-14,CUST-0012,Laptop Pro,Technology,East,1,0.15,779.8,107.22
ORD-02043,2025-02-07,CUST-0166,Desk Lamp,Furniture,South,3,0.1,137.19,14.4
ORD-02044,2025-05-22,CUST-0354,Wireless Headphones,Technology,West,1,0.0,128.48,28.27
ORD-02045,2025-12-21,CUST-0416,Office Chair,Furniture,South,1,0.15,174.78,13.55
ORD-02046,2025-05-26,CUST-0187,Desk Lamp,Furniture,North,5,0.05,263.36,34.9
ORD-02047,2025-12-10,CUST-0434,Notebook Set,Office Supplies,North,2,0.2,27.66,4.7
ORD-02048,2025-01-01,CUST-0110,Wireless Headphones,Technology,West,2,0.15,196.67,27.04
ORD-02049,2025-05-06,CUST-0294,Standing Desk,Furniture,North,1,0.05,404.62,53.61
ORD-02050,2025-08-14,CUST-0381,Notebook Set,Office Supplies,West,2,0.15,32.12,6.34
ORD-02051,2025-07-30,CUST-0049,Wireless Headphones,Technology,East,1,0.15,106.08,14.59
ORD-02052,2025-11-25,CUST-0411,Desk Lamp,Furniture,North,1,0.15,45.46,3.52
ORD-02053,2025-12-02,CUST-0178,Storage Box,Office Supplies,South,2,0.0,66.98,18.75
ORD-02054,2025-02-03,CUST-0259,Wireless Headphones,Technology,East,1,0.05,115.01,22.14
ORD-02055,2025-05-14,CUST-0161,Standing Desk,Furniture,South,2,0.15,705.6,54.68
ORD-02056,2025-12-18,CUST-0320,Office Chair,Furniture,South,1,0.05,195.01,25.84
ORD-02057,2025-02-08,CUST-0093,Storage Box,Office Supplies,South,4,0.15,103.09,20.36
ORD-02058,2025-01-30,CUST-0442,Laptop Pro,Technology,East,1,0.15,770.55,105.95
ORD-02059,2025-03-29,CUST-0339,Smartphone,Technology,East,2,0.0,1270.96,279.61
ORD-02060,2025-01-15,CUST-0273,Printer Ink,Office Supplies,North,2,0.2,122.87,20.89
ORD-02061,2025-01-09,CUST-0321,Notebook Set,Office Supplies,West,2,0.2,30.18,5.13
ORD-02062,2025-07-28,CUST-0237,Laptop Pro,Technology,East,5,0.05,4391.77,845.42
ORD-02063,2025-11-04,CUST-0351,Smartphone,Technology,North,2,0.2,1033.1,113.64
ORD-02064,2025-10-03,CUST-0164,Standing Desk,Furniture,West,4,0.1,1551.44,162.9
ORD-02065,2025-09-15,CUST-0137,Wireless Headphones,Technology,East,2,0.1,230.92,38.1
ORD-02066,2025-04-19,CUST-0352,Standing Desk,Furniture,East,1,0.05,380.38,50.4
ORD-02067,2025-04-15,CUST-0077,Office Chair,Furniture,South,5,0.0,1124.37,179.9
ORD-02068,2025-07-10,CUST-0238,Office Chair,Furniture,North,3,0.05,582.57,77.19
ORD-02069,2025-04-27,CUST-0217,Printer Ink,Office Supplies,East,1,0.1,64.48,14.51
ORD-02070,2025-10-25,CUST-0070,Laptop Pro,Technology,North,2,0.05,1721.09,331.31
ORD-02071,2025-05-21,CUST-0338,Laptop Pro,Technology,North,2,0.05,1763.58,339.49
ORD-02072,2025-03-14,CUST-0494,Storage Box,Office Supplies,North,2,0.0,64.13,17.96
ORD-02073,2025-09-03,CUST-0441,Printer Ink,Office Supplies,West,5,0.0,400.9,112.25
ORD-02074,2025-04-13,CUST-0444,Wireless Headphones,Technology,South,5,0.05,597.7,115.06
ORD-02075,2025-12-07,CUST-0460,Wireless Headphones,Technology,West,4,0.1,424.12,69.98
ORD-02076,2025-06-28,CUST-0204,Desk Lamp,Furniture,East,2,0.0,114.68,18.35
ORD-02077,2025-03-30,CUST-0377,Smartphone,Technology,North,4,0.15,2374.65,326.51
ORD-02078,2025-08-24,CUST-0341,Storage Box,Office Supplies,West,4,0.15,102.37,20.22
ORD-02079,2025-05-10,CUST-0122,Storage Box,Office Supplies,North,1,0.0,33.17,9.29
ORD-02080,2025-12-25,CUST-0169,Wireless Headphones,Technology,West,2,0.05,217.3,41.83
ORD-02081,2025-03-11,CUST-0121,Notebook Set,Office Supplies,West,1,0.2,13.97,2.37
ORD-02082,2025-03-23,CUST-0090,Notebook Set,Office Supplies,North,1,0.0,18.42,5.16
ORD-02083,2025-07-11,CUST-0210,Office Chair,Furniture,West,2,0.1,379.03,39.8
ORD-02084,2025-11-11,CUST-0252,Standing Desk,Furniture,West,2,0.0,808.98,129.44
ORD-02085,2025-11-14,CUST-0163,Storage Box,Office Supplies,South,5,0.0,167.99,47.04
ORD-02086,2025-12-27,CUST-0127,Storage Box,Office Supplies,South,2,0.2,53.62,9.12
ORD-02087,2025-02-04,CUST-0186,Standing Desk,Furniture,West,4,0.0,1584.08,253.45
ORD-02088,2025-12-24,CUST-0011,Printer Ink,Office Supplies,East,2,0.05,139.69,35.27
ORD-02089,2025-11-01,CUST-0410,Laptop Pro,Technology,West,1,0.2,809.03,88.99
ORD-02090,2025-08-20,CUST-0123,Laptop Pro,Technology,East,1,0.2,729.42,80.24
ORD-02091,2025-08-08,CUST-0328,Standing Desk,Furniture,East,5,0.05,2093.58,277.4
ORD-02092,2025-02-11,CUST-0063,Desk Lamp,Furniture,West,1,0.2,42.61,2.13
ORD-02093,2025-01-07,CUST-0199,Storage Box,Office Supplies,West,1,0.1,30.11,6.77
ORD-02094,2025-02-05,CUST-0475,Laptop Pro,Technology,West,1,0.1,911.34,150.37
ORD-02095,2025-08-03,CUST-0153,Standing Desk,Furniture,South,3,0.0,1296.8,207.49
ORD-02096,2025-12-03,CUST-0469,Office Chair,Furniture,West,3,0.0,675.39,108.06
ORD-02097,2025-01-26,CUST-0209,Printer Ink,Office Supplies,East,4,0.2,225.41,38.32
ORD-02098,2025-10-11,CUST-0422,Laptop Pro,Technology,North,1,0.0,900.92,198.2
ORD-02099,2025-07-08,CUST-0475,Printer Ink,Office Supplies,South,3,0.1,200.73,45.16
ORD-02100,2025-06-25,CUST-0423,Desk Lamp,Furniture,East,2,0.0,113.21,18.11
ORD-02101,2025-12-25,CUST-0034,Smartphone,Technology,East,3,0.15,1775.14,244.08
ORD-02102,2025-06-28,CUST-0417,Desk Lamp,Furniture,South,2,0.2,85.04,4.25
ORD-02103,2025-08-02,CUST-0356,Storage Box,Office Supplies,West,1,0.1,30.2,6.8
ORD-02104,2025-04-19,CUST-0329,Laptop Pro,Technology,West,1,0.2,771.9,84.91
ORD-02105,2025-07-19,CUST-0070,Smartphone,Technology,East,5,0.2,2661.08,292.72
ORD-02106,2025-02-04,CUST-0157,Laptop Pro,Technology,South,1,0.2,776.82,85.45
ORD-02107,2025-08-25,CUST-0081,Desk Lamp,Furniture,East,5,0.0,290.83,46.53
ORD-02108,2025-01-01,CUST-0391,Office Chair,Furniture,South,1,0.2,168.05,8.4
ORD-02109,2025-06-21,CUST-0211,Smartphone,Technology,West,4,0.2,1969.6,216.66
ORD-02110,2025-11-27,CUST-0069,Desk Lamp,Furniture,South,1,0.2,44.34,2.22
ORD-02111,2025-06-27,CUST-0424,Standing Desk,Furniture,North,4,0.15,1478.35,114.57
ORD-02112,2025-07-06,CUST-0044,Desk Lamp,Furniture,West,4,0.0,219.2,35.07
ORD-02113,2025-02-17,CUST-0449,Notebook Set,Office Supplies,South,5,0.1,86.61,19.49
ORD-02114,2025-06-24,CUST-0115,Notebook Set,Office Supplies,West,3,0.15,45.18,8.92
ORD-02115,2025-09-27,CUST-0332,Laptop Pro,Technology,West,4,0.15,3336.27,458.74
ORD-02116,2025-11-13,CUST-0102,Office Chair,Furniture,West,4,0.1,746.63,78.4
ORD-02117,2025-01-24,CUST-0026,Standing Desk,Furniture,East,2,0.0,787.93,126.07
ORD-02118,2025-02-19,CUST-0134,Notebook Set,Office Supplies,East,3,0.15,48.74,9.63
ORD-02119,2025-12-01,CUST-0088,Smartphone,Technology,North,4,0.05,2652.35,510.58
ORD-02120,2025-09-28,CUST-0223,Wireless Headphones,Technology,North,1,0.15,104.14,14.32
ORD-02121,2025-09-21,CUST-0061,Printer Ink,Office Supplies,West,4,0.1,259.15,58.31
ORD-02122,2025-02-16,CUST-0485,Office Chair,Furniture,East,2,0.0,425.8,68.13
ORD-02123,2025-12-18,CUST-0196,Standing Desk,Furniture,North,2,0.1,712.36,74.8
ORD-02124,2025-08-10,CUST-0308,Smartphone,Technology,South,2,0.0,1309.21,288.03
ORD-02125,2025-01-01,CUST-0373,Office Chair,Furniture,West,1,0.05,204.62,27.11
ORD-02126,2025-08-24,CUST-0406,Office Chair,Furniture,South,3,0.1,579.18,60.81
ORD-02127,2025-04-08,CUST-0121,Smartphone,Technology,North,1,0.05,611.64,117.74
ORD-02128,2025-07-11,CUST-0299,Printer Ink,Office Supplies,West,2,0.05,140.58,35.5
ORD-02129,2025-01-14,CUST-0069,Printer Ink,Office Supplies,North,5,0.1,331.92,74.68
ORD-02130,2025-07-28,CUST-0352,Desk Lamp,Furniture,West,2,0.1,101.58,10.67
ORD-02131,2025-02-25,CUST-0217,Office Chair,Furniture,East,3,0.2,520.83,26.04
ORD-02132,2025-03-26,CUST-0031,Standing Desk,Furniture,North,2,0.15,746.57,57.86
ORD-02133,2025-10-18,CUST-0242,Laptop Pro,Technology,South,2,0.0,1997.36,439.42
ORD-02134,2025-05-02,CUST-0496,Desk Lamp,Furniture,West,5,0.2,217.15,10.86
ORD-02135,2025-09-30,CUST-0318,Laptop Pro,Technology,North,5,0.15,3880.29,533.54
ORD-02136,2025-05-10,CUST-0344,Notebook Set,Office Supplies,South,2,0.1,32.47,7.31
ORD-02137,2025-12-16,CUST-0022,Desk Lamp,Furniture,North,3,0.15,136.02,10.54
ORD-02138,2025-11-21,CUST-0253,Smartphone,Technology,North,2,0.15,1179.38,162.16
ORD-02139,2025-01-16,CUST-0046,Desk Lamp,Furniture,West,1,0.0,51.08,8.17
ORD-02140,2025-07-20,CUST-0073,Desk Lamp,Furniture,East,2,0.1,104.74,11.0
ORD-02141,2025-11-18,CUST-0066,Standing Desk,Furniture,North,1,0.0,423.62,67.78
ORD-02142,2025-12-08,CUST-0383,Printer Ink,Office Supplies,West,5,0.05,343.79,86.81
ORD-02143,2025-06-11,CUST-0463,Desk Lamp,Furniture,West,4,0.05,217.46,28.81
ORD-02144,2025-09-08,CUST-0265,Standing Desk,Furniture,East,3,0.05,1269.05,168.15
ORD-02145,2025-11-23,CUST-0162,Desk Lamp,Furniture,South,1,0.0,52.64,8.42
ORD-02146,2025-01-01,CUST-0285,Printer Ink,Office Supplies,West,5,0.0,363.46,101.77
ORD-02147,2025-05-05,CUST-0028,Printer Ink,Office Supplies,North,1,0.0,69.88,19.57
ORD-02148,2025-02-28,CUST-0134,Office Chair,Furniture,North,5,0.1,1023.42,107.46
ORD-02149,2025-04-16,CUST-0060,Smartphone,Technology,East,1,0.1,608.34,100.38
ORD-02150,2025-07-07,CUST-0364,Printer Ink,Office Supplies,North,3,0.05,200.34,50.59
ORD-02151,2025-10-17,CUST-0058,Storage Box,Office Supplies,South,4,0.1,119.81,26.96
ORD-02152,2025-02-25,CUST-0105,Smartphone,Technology,North,1,0.0,638.75,140.53
ORD-02153,2025-01-18,CUST-0384,Standing Desk,Furniture,North,3,0.0,1227.99,196.48
ORD-02154,2025-08-17,CUST-0457,Storage Box,Office Supplies,West,1,0.15,27.96,5.52
ORD-02155,2025-03-20,CUST-0270,Office Chair,Furniture,East,1,0.0,232.88,37.26
ORD-02156,2025-10-13,CUST-0127,Smartphone,Technology,South,1,0.0,653.64,143.8
ORD-02157,2025-07-15,CUST-0014,Printer Ink,Office Supplies,East,1,0.05,74.76,18.88
ORD-02158,2025-05-26,CUST-0063,Standing Desk,Furniture,East,1,0.2,339.36,16.97
ORD-02159,2025-03-11,CUST-0429,Notebook Set,Office Supplies,South,3,0.0,56.44,15.8
ORD-02160,2025-03-09,CUST-0236,Desk Lamp,Furniture,North,3,0.0,162.32,25.97
ORD-02161,2025-12-29,CUST-0305,Printer Ink,Office Supplies,South,2,0.05,147.21,37.17
ORD-02162,2025-11-30,CUST-0336,Laptop Pro,Technology,South,1,0.0,875.06,192.51
ORD-02163,2025-11-28,CUST-0376,Printer Ink,Office Supplies,South,1,0.2,57.45,9.77
ORD-02164,2025-06-28,CUST-0411,Smartphone,Technology,North,3,0.0,1899.25,417.83
ORD-02165,2025-11-24,CUST-0381,Standing Desk,Furniture,South,1,0.0,450.33,72.05
ORD-02166,2025-01-24,CUST-0196,Wireless Headphones,Technology,East,5,0.15,474.76,65.28
ORD-02167,2025-03-24,CUST-0123,Wireless Headphones,Technology,South,3,0.0,363.2,79.9
ORD-02168,2025-11-12,CUST-0084,Notebook Set,Office Supplies,North,1,0.0,17.61,4.93
ORD-02169,2025-01-22,CUST-0332,Notebook Set,Office Supplies,West,1,0.05,18.21,4.6
ORD-02170,2025-02-11,CUST-0411,Smartphone,Technology,North,1,0.1,616.82,101.78
ORD-02171,2025-06-07,CUST-0463,Notebook Set,Office Supplies,West,5,0.05,88.36,22.31
ORD-02172,2025-05-02,CUST-0427,Smartphone,Technology,South,1,0.0,630.72,138.76
ORD-02173,2025-07-26,CUST-0229,Desk Lamp,Furniture,South,3,0.1,158.38,16.63
ORD-02174,2025-02-25,CUST-0308,Notebook Set,Office Supplies,South,4,0.15,57.52,11.36
ORD-02175,2025-10-18,CUST-0416,Notebook Set,Office Supplies,North,1,0.1,15.4,3.47
ORD-02176,2025-11-04,CUST-0323,Desk Lamp,Furniture,East,2,0.1,99.71,10.47
ORD-02177,2025-11-17,CUST-0175,Notebook Set,Office Supplies,North,1,0.15,15.24,3.01
ORD-02178,2025-10-04,CUST-0352,Printer Ink,Office Supplies,East,2,0.2,113.07,19.22
ORD-02179,2025-03-02,CUST-0323,Smartphone,Technology,West,3,0.15,1528.41,210.16
ORD-02180,2025-12-02,CUST-0224,Storage Box,Office Supplies,North,2,0.1,60.08,13.52
ORD-02181,2025-03-15,CUST-0154,Wireless Headphones,Technology,West,5,0.1,575.36,94.93
ORD-02182,2025-07-06,CUST-0463,Smartphone,Technology,West,4,0.2,2240.01,246.4
ORD-02183,2025-06-30,CUST-0219,Standing Desk,Furniture,West,4,0.15,1428.85,110.74
ORD-02184,2025-06-11,CUST-0040,Standing Desk,Furniture,East,3,0.15,1148.54,89.01
ORD-02185,2025-07-25,CUST-0218,Laptop Pro,Technology,South,3,0.15,2401.36,330.19
ORD-02186,2025-04-06,CUST-0369,Notebook Set,Office Supplies,North,1,0.2,14.86,2.53
ORD-02187,2025-05-05,CUST-0042,Standing Desk,Furniture,South,1,0.15,357.19,27.68
ORD-02188,2025-11-22,CUST-0339,Storage Box,Office Supplies,North,3,0.2,79.74,13.56
ORD-02189,2025-12-06,CUST-0432,Printer Ink,Office Supplies,North,1,0.0,70.87,19.84
ORD-02190,2025-02-27,CUST-0449,Notebook Set,Office Supplies,North,3,0.1,50.88,11.45
ORD-02191,2025-02-14,CUST-0233,Standing Desk,Furniture,South,1,0.2,311.26,15.56
ORD-02192,2025-12-01,CUST-0175,Printer Ink,Office Supplies,East,2,0.05,153.21,38.69
ORD-02193,2025-04-07,CUST-0383,Smartphone,Technology,North,4,0.0,2683.03,590.27
ORD-02194,2025-02-24,CUST-0223,Standing Desk,Furniture,West,5,0.0,1970.92,315.35
ORD-02195,2025-03-10,CUST-0060,Storage Box,Office Supplies,North,2,0.1,57.63,12.97
ORD-02196,2025-04-07,CUST-0236,Laptop Pro,Technology,North,5,0.1,4604.18,759.69
ORD-02197,2025-04-29,CUST-0309,Notebook Set,Office Supplies,West,5,0.2,75.17,12.78
ORD-02198,2025-06-03,CUST-0185,Printer Ink,Office Supplies,South,1,0.15,65.05,12.85
ORD-02199,2025-12-09,CUST-0065,Notebook Set,Office Supplies,West,2,0.0,33.96,9.51
ORD-02200,2025-06-18,CUST-0418,Smartphone,Technology,North,1,0.0,693.44,152.56
ORD-02201,2025-01-03,CUST-0440,Laptop Pro,Technology,East,1,0.0,969.07,213.2
ORD-02202,2025-03-23,CUST-0075,Laptop Pro,Technology,North,1,0.2,707.59,77.83
ORD-02203,2025-01-01,CUST-0440,Office Chair,Furniture,South,2,0.2,341.51,17.08
ORD-02204,2025-08-12,CUST-0395,Storage Box,Office Supplies,North,3,0.05,89.1,22.5
ORD-02205,2025-03-12,CUST-0012,Printer Ink,Office Supplies,North,1,0.1,68.54,15.42
ORD-02206,2025-08-16,CUST-0379,Wireless Headphones,Technology,North,2,0.0,235.47,51.8
ORD-02207,2025-07-28,CUST-0011,Printer Ink,Office Supplies,West,1,0.1,64.22,14.45
ORD-02208,2025-07-10,CUST-0151,Printer Ink,Office Supplies,East,4,0.0,290.4,81.31
ORD-02209,2025-07-23,CUST-0053,Notebook Set,Office Supplies,North,5,0.0,91.25,25.55
ORD-02210,2025-02-01,CUST-0378,Notebook Set,Office Supplies,West,4,0.1,67.49,15.19
ORD-02211,2025-10-11,CUST-0250,Storage Box,Office Supplies,West,1,0.0,30.43,8.52
ORD-02212,2025-07-06,CUST-0372,Notebook Set,Office Supplies,South,1,0.15,15.23,3.01
ORD-02213,2025-05-07,CUST-0271,Printer Ink,Office Supplies,North,2,0.0,150.42,42.12
ORD-02214,2025-01-13,CUST-0284,Laptop Pro,Technology,South,4,0.05,3436.34,661.5
ORD-02215,2025-10-05,CUST-0214,Wireless Headphones,Technology,North,5,0.2,494.6,54.41
ORD-02216,2025-07-22,CUST-0481,Printer Ink,Office Supplies,North,1,0.15,66.05,13.04
ORD-02217,2025-06-25,CUST-0011,Desk Lamp,Furniture,South,1,0.1,46.23,4.85
ORD-02218,2025-02-10,CUST-0241,Smartphone,Technology,North,2,0.0,1309.46,288.08
ORD-02219,2025-04-30,CUST-0113,Desk Lamp,Furniture,South,1,0.15,43.68,3.39
ORD-02220,2025-08-17,CUST-0337,Desk Lamp,Furniture,West,1,0.2,40.52,2.03
ORD-02221,2025-11-14,CUST-0371,Printer Ink,Office Supplies,North,5,0.05,345.29,87.19
ORD-02222,2025-12-03,CUST-0335,Notebook Set,Office Supplies,West,1,0.2,13.62,2.32
ORD-02223,2025-04-04,CUST-0319,Desk Lamp,Furniture,West,5,0.0,284.45,45.51
ORD-02224,2025-12-07,CUST-0045,Office Chair,Furniture,North,2,0.2,348.83,17.44
ORD-02225,2025-06-01,CUST-0081,Printer Ink,Office Supplies,North,1,0.0,75.41,21.11
ORD-02226,2025-10-01,CUST-0483,Printer Ink,Office Supplies,North,1,0.1,63.9,14.38
ORD-02227,2025-04-11,CUST-0286,Printer Ink,Office Supplies,South,2,0.0,145.87,40.84
ORD-02228,2025-03-14,CUST-0452,Laptop Pro,Technology,West,3,0.05,2820.06,542.86
ORD-02229,2025-08-11,CUST-0090,Standing Desk,Furniture,South,2,0.0,900.76,144.12
ORD-02230,2025-02-16,CUST-0173,Storage Box,Office Supplies,North,1,0.0,29.72,8.32
ORD-02231,2025-07-24,CUST-0062,Notebook Set,Office Supplies,North,4,0.0,71.99,20.16
ORD-02232,2025-09-04,CUST-0175,Storage Box,Office Supplies,North,1,0.05,28.39,7.17
ORD-02233,2025-01-26,CUST-0137,Desk Lamp,Furniture,West,1,0.15,48.18,3.73
ORD-02234,2025-06-23,CUST-0310,Smartphone,Technology,West,2,0.15,1126.97,154.96
ORD-02235,2025-06-30,CUST-0410,Wireless Headphones,Technology,East,1,0.1,105.44,17.4
ORD-02236,2025-10-25,CUST-0500,Printer Ink,Office Supplies,West,1,0.0,75.83,21.23
ORD-02237,2025-03-17,CUST-0401,Wireless Headphones,Technology,West,1,0.15,98.93,13.6
ORD-02238,2025-05-11,CUST-0260,Wireless Headphones,Technology,West,1,0.0,125.69,27.65
ORD-02239,2025-06-03,CUST-0446,Wireless Headphones,Technology,North,1,0.0,129.33,28.45
ORD-02240,2025-12-22,CUST-0373,Office Chair,Furniture,West,2,0.0,447.14,71.54
ORD-02241,2025-02-15,CUST-0256,Standing Desk,Furniture,East,3,0.15,1078.64,83.59
ORD-02242,2025-07-08,CUST-0172,Wireless Headphones,Technology,North,3,0.05,336.26,64.73
ORD-02243,2025-02-18,CUST-0225,Smartphone,Technology,North,1,0.0,639.8,140.76
ORD-02244,2025-05-24,CUST-0126,Notebook Set,Office Supplies,West,1,0.0,18.24,5.11
ORD-02245,2025-12-14,CUST-0088,Printer Ink,Office Supplies,South,3,0.15,195.37,38.59
ORD-02246,2025-12-02,CUST-0387,Wireless Headphones,Technology,North,4,0.2,399.32,43.93
ORD-02247,2025-10-26,CUST-0126,Notebook Set,Office Supplies,South,1,0.2,13.72,2.33
ORD-02248,2025-07-18,CUST-0216,Smartphone,Technology,West,1,0.15,574.48,78.99
ORD-02249,2025-10-28,CUST-0212,Office Chair,Furniture,North,2,0.1,378.01,39.69
ORD-02250,2025-03-09,CUST-0407,Notebook Set,Office Supplies,West,2,0.15,30.09,5.94
ORD-02251,2025-01-02,CUST-0075,Desk Lamp,Furniture,West,3,0.1,155.76,16.35
ORD-02252,2025-02-18,CUST-0484,Laptop Pro,Technology,East,2,0.15,1734.41,238.48
ORD-02253,2025-09-26,CUST-0206,Wireless Headphones,Technology,North,3,0.05,328.44,63.22
ORD-02254,2025-04-08,CUST-0389,Smartphone,Technology,South,2,0.1,1099.51,181.42
ORD-02255,2025-10-31,CUST-0078,Laptop Pro,Technology,East,2,0.2,1411.48,155.26
ORD-02256,2025-08-22,CUST-0410,Laptop Pro,Technology,West,1,0.2,742.73,81.7
ORD-02257,2025-07-24,CUST-0206,Storage Box,Office Supplies,West,4,0.1,113.13,25.45
ORD-02258,2025-10-31,CUST-0381,Storage Box,Office Supplies,West,2,0.2,53.15,9.04
ORD-02259,2025-10-03,CUST-0424,Desk Lamp,Furniture,West,1,0.0,58.86,9.42
ORD-02260,2025-07-02,CUST-0472,Standing Desk,Furniture,West,2,0.15,736.95,57.11
ORD-02261,2025-04-10,CUST-0330,Smartphone,Technology,East,3,0.1,1775.66,292.98
ORD-02262,2025-06-11,CUST-0404,Office Chair,Furniture,West,2,0.15,382.88,29.67
ORD-02263,2025-05-14,CUST-0208,Printer Ink,Office Supplies,East,2,0.2,127.63,21.7
ORD-02264,2025-10-05,CUST-0019,Office Chair,Furniture,West,1,0.0,213.94,34.23
ORD-02265,2025-05-03,CUST-0369,Storage Box,Office Supplies,South,3,0.2,78.0,13.26
ORD-02266,2025-02-20,CUST-0146,Smartphone,Technology,East,5,0.15,2750.76,378.23
ORD-02267,2025-02-17,CUST-0160,Office Chair,Furniture,North,1,0.15,182.21,14.12
ORD-02268,2025-06-04,CUST-0082,Storage Box,Office Supplies,South,2,0.2,47.83,8.13
ORD-02269,2025-10-31,CUST-0304,Laptop Pro,Technology,North,4,0.15,3409.61,468.82
ORD-02270,2025-01-11,CUST-0372,Standing Desk,Furniture,North,4,0.05,1578.21,209.11
ORD-02271,2025-03-10,CUST-0375,Notebook Set,Office Supplies,West,4,0.0,75.33,21.09
ORD-02272,2025-01-09,CUST-0322,Laptop Pro,Technology,West,4,0.05,3402.38,654.96
ORD-02273,2025-01-17,CUST-0388,Storage Box,Office Supplies,South,1,0.0,29.65,8.3
ORD-02274,2025-05-29,CUST-0378,Wireless Headphones,Technology,South,1,0.15,102.98,14.16
ORD-02275,2025-11-24,CUST-0413,Laptop Pro,Technology,South,1,0.0,975.37,214.58
ORD-02276,2025-02-04,CUST-0180,Storage Box,Office Supplies,West,4,0.0,137.28,38.44
ORD-02277,2025-01-14,CUST-0294,Standing Desk,Furniture,North,1,0.2,359.13,17.96
ORD-02278,2025-12-30,CUST-0378,Smartphone,Technology,East,4,0.15,2124.75,292.15
ORD-02279,2025-06-18,CUST-0299,Office Chair,Furniture,North,1,0.15,193.76,15.02
ORD-02280,2025-05-25,CUST-0233,Office Chair,Furniture,West,1,0.05,202.4,26.82
ORD-02281,2025-09-14,CUST-0425,Wireless Headphones,Technology,North,2,0.1,200.7,33.12
ORD-02282,2025-12-20,CUST-0218,Notebook Set,Office Supplies,North,1,0.0,18.61,5.21
ORD-02283,2025-05-01,CUST-0040,Smartphone,Technology,South,2,0.1,1185.48,195.6
ORD-02284,2025-01-19,CUST-0302,Desk Lamp,Furniture,East,1,0.1,46.5,4.88
ORD-02285,2025-11-26,CUST-0447,Storage Box,Office Supplies,South,1,0.1,27.34,6.15
ORD-02286,2025-05-05,CUST-0217,Standing Desk,Furniture,East,1,0.2,335.31,16.77
ORD-02287,2025-05-20,CUST-0375,Printer Ink,Office Supplies,East,1,0.1,66.51,14.96
ORD-02288,2025-09-07,CUST-0259,Notebook Set,Office Supplies,West,1,0.0,16.95,4.75
ORD-02289,2025-08-16,CUST-0067,Smartphone,Technology,South,1,0.1,614.31,101.36
ORD-02290,2025-04-22,CUST-0356,Storage Box,Office Supplies,West,5,0.0,167.03,46.77
ORD-02291,2025-12-28,CUST-0383,Office Chair,Furniture,South,2,0.0,440.47,70.48
ORD-02292,2025-08-28,CUST-0472,Smartphone,Technology,West,3,0.05,1926.59,370.87
ORD-02293,2025-12-08,CUST-0057,Wireless Headphones,Technology,East,2,0.1,203.45,33.57
ORD-02294,2025-06-16,CUST-0021,Wireless Headphones,Technology,South,2,0.05,243.42,46.86
ORD-02295,2025-05-15,CUST-0157,Storage Box,Office Supplies,North,1,0.05,29.56,7.46
ORD-02296,2025-10-21,CUST-0015,Desk Lamp,Furniture,South,3,0.1,157.11,16.5
ORD-02297,2025-03-27,CUST-0216,Smartphone,Technology,North,2,0.15,1167.27,160.5
ORD-02298,2025-05-25,CUST-0456,Laptop Pro,Technology,West,1,0.05,937.25,180.42
ORD-02299,2025-02-20,CUST-0251,Standing Desk,Furniture,North,1,0.2,345.29,17.26
ORD-02300,2025-09-05,CUST-0035,Laptop Pro,Technology,North,3,0.05,2756.97,530.72
ORD-02301,2025-02-08,CUST-0159,Laptop Pro,Technology,South,5,0.15,4021.6,552.97
ORD-02302,2025-01-18,CUST-0244,Printer Ink,Office Supplies,West,5,0.1,351.01,78.98
ORD-02303,2025-09-01,CUST-0326,Smartphone,Technology,West,5,0.15,2915.28,400.85
ORD-02304,2025-10-25,CUST-0230,Printer Ink,Office Supplies,West,1,0.2,57.65,9.8
ORD-02305,2025-06-29,CUST-0046,Smartphone,Technology,West,1,0.05,574.22,110.54
ORD-02306,2025-10-09,CUST-0174,Notebook Set,Office Supplies,South,1,0.1,15.21,3.42
ORD-02307,2025-08-14,CUST-0456,Storage Box,Office Supplies,North,1,0.2,23.77,4.04
ORD-02308,2025-12-09,CUST-0046,Printer Ink,Office Supplies,West,2,0.2,124.21,21.12
ORD-02309,2025-08-20,CUST-0323,Smartphone,Technology,East,1,0.15,582.91,80.15
ORD-02310,2025-01-18,CUST-0330,Standing Desk,Furniture,East,4,0.0,1658.96,265.43
ORD-02311,2025-08-14,CUST-0278,Storage Box,Office Supplies,North,2,0.15,53.96,10.66
ORD-02312,2025-09-03,CUST-0097,Laptop Pro,Technology,West,1,0.15,785.85,108.05
ORD-02313,2025-03-29,CUST-0062,Printer Ink,Office Supplies,South,5,0.0,351.4,98.39
ORD-02314,2025-06-21,CUST-0141,Storage Box,Office Supplies,North,2,0.0,59.9,16.77
ORD-02315,2025-06-26,CUST-0430,Office Chair,Furniture,North,1,0.2,186.38,9.32
ORD-02316,2025-08-06,CUST-0311,Printer Ink,Office Supplies,North,2,0.15,127.84,25.25
ORD-02317,2025-01-13,CUST-0252,Desk Lamp,Furniture,South,5,0.0,275.76,44.12
ORD-02318,2025-02-11,CUST-0213,Laptop Pro,Technology,South,1,0.0,978.15,215.19
ORD-02319,2025-12-16,CUST-0196,Laptop Pro,Technology,West,1,0.05,859.39,165.43
ORD-02320,2025-09-08,CUST-0278,Standing Desk,Furniture,North,3,0.0,1193.42,190.95
ORD-02321,2025-05-20,CUST-0131,Smartphone,Technology,North,5,0.0,3207.95,705.75
ORD-02322,2025-01-18,CUST-0348,Wireless Headphones,Technology,North,1,0.1,108.82,17.96
ORD-02323,2025-07-01,CUST-0093,Smartphone,Technology,North,2,0.05,1198.92,230.79
ORD-02324,2025-09-16,CUST-0200,Laptop Pro,Technology,East,1,0.05,904.71,174.16
ORD-02325,2025-07-05,CUST-0458,Wireless Headphones,Technology,South,1,0.1,112.35,18.54
ORD-02326,2025-04-18,CUST-0027,Desk Lamp,Furniture,North,2,0.0,110.58,17.69
ORD-02327,2025-09-15,CUST-0301,Office Chair,Furniture,North,4,0.15,769.92,59.67
ORD-02328,2025-10-09,CUST-0198,Office Chair,Furniture,South,1,0.15,189.26,14.67
ORD-02329,2025-01-16,CUST-0238,Wireless Headphones,Technology,North,4,0.05,461.96,88.93
ORD-02330,2025-07-07,CUST-0015,Storage Box,Office Supplies,South,1,0.1,28.37,6.38
ORD-02331,2025-01-05,CUST-0138,Notebook Set,Office Supplies,East,1,0.0,19.15,5.36
ORD-02332,2025-11-29,CUST-0052,Storage Box,Office Supplies,West,1,0.2,24.09,4.1
ORD-02333,2025-06-27,CUST-0403,Office Chair,Furniture,West,4,0.2,670.41,33.52
ORD-02334,2025-05-07,CUST-0229,Smartphone,Technology,South,4,0.1,2437.49,402.19
ORD-02335,2025-12-21,CUST-0105,Wireless Headphones,Technology,West,4,0.15,416.19,57.23
ORD-02336,2025-08-16,CUST-0401,Smartphone,Technology,South,2,0.0,1273.58,280.19
ORD-02337,2025-01-11,CUST-0493,Office Chair,Furniture,East,2,0.1,403.39,42.36
ORD-02338,2025-05-31,CUST-0417,Storage Box,Office Supplies,South,2,0.0,63.49,17.78
ORD-02339,2025-08-25,CUST-0149,Printer Ink,Office Supplies,West,2,0.15,126.33,24.95
ORD-02340,2025-05-31,CUST-0140,Smartphone,Technology,North,1,0.1,557.25,91.95
ORD-02341,2025-07-08,CUST-0180,Standing Desk,Furniture,West,4,0.1,1493.98,156.87
ORD-02342,2025-12-02,CUST-0145,Office Chair,Furniture,East,4,0.15,690.67,53.53
ORD-02343,2025-10-27,CUST-0289,Laptop Pro,Technology,North,2,0.15,1584.54,217.87
ORD-02344,2025-09-13,CUST-0358,Wireless Headphones,Technology,South,5,0.1,500.03,82.5
ORD-02345,2025-01-09,CUST-0285,Wireless Headphones,Technology,West,2,0.2,189.02,20.79
ORD-02346,2025-09-01,CUST-0313,Standing Desk,Furniture,West,3,0.0,1284.43,205.51
ORD-02347,2025-04-09,CUST-0453,Storage Box,Office Supplies,West,2,0.05,65.44,16.52
ORD-02348,2025-08-14,CUST-0232,Desk Lamp,Furniture,East,2,0.2,87.23,4.36
ORD-02349,2025-12-31,CUST-0175,Standing Desk,Furniture,North,5,0.05,2094.93,277.58
ORD-02350,2025-03-16,CUST-0169,Office Chair,Furniture,South,1,0.15,184.87,14.33
ORD-02351,2025-06-30,CUST-0331,Laptop Pro,Technology,West,1,0.0,906.7,199.47
ORD-02352,2025-04-15,CUST-0462,Laptop Pro,Technology,East,5,0.0,5071.99,1115.84
ORD-02353,2025-11-03,CUST-0285,Laptop Pro,Technology,East,1,0.1,791.04,130.52
ORD-02354,2025-05-23,CUST-0042,Printer Ink,Office Supplies,West,3,0.15,185.45,36.63
ORD-02355,2025-08-09,CUST-0228,Wireless Headphones,Technology,East,1,0.2,92.04,10.12
ORD-02356,2025-01-10,CUST-0424,Wireless Headphones,Technology,South,2,0.1,231.71,38.23
ORD-02357,2025-12-17,CUST-0005,Desk Lamp,Furniture,South,1,0.2,40.81,2.04
ORD-02358,2025-10-19,CUST-0228,Wireless Headphones,Technology,South,1,0.0,118.18,26.0
ORD-02359,2025-04-08,CUST-0389,Laptop Pro,Technology,North,2,0.0,1939.18,426.62
ORD-02360,2025-01-09,CUST-0184,Standing Desk,Furniture,East,2,0.2,709.69,35.48
ORD-02361,2025-03-04,CUST-0321,Office Chair,Furniture,North,1,0.15,181.8,14.09
ORD-02362,2025-04-15,CUST-0120,Standing Desk,Furniture,West,3,0.0,1238.58,198.17
ORD-02363,2025-09-12,CUST-0144,Printer Ink,Office Supplies,West,2,0.0,143.82,40.27
ORD-02364,2025-01-28,CUST-0311,Printer Ink,Office Supplies,West,1,0.2,64.07,10.89
ORD-02365,2025-04-26,CUST-0203,Office Chair,Furniture,North,2,0.2,340.13,17.01
ORD-02366,2025-01-01,CUST-0257,Wireless Headphones,Technology,West,4,0.15,418.69,57.57
ORD-02367,2025-09-30,CUST-0338,Printer Ink,Office Supplies,North,5,0.0,402.24,112.63
ORD-02368,2025-12-10,CUST-0382,Smartphone,Technology,North,1,0.0,658.03,144.77
ORD-02369,2025-09-03,CUST-0439,Wireless Headphones,Technology,North,4,0.15,376.45,51.76
ORD-02370,2025-10-21,CUST-0401,Office Chair,Furniture,West,4,0.2,694.91,34.75
ORD-02371,2025-02-28,CUST-0012,Standing Desk,Furniture,North,1,0.2,340.59,17.03
ORD-02372,2025-08-03,CUST-0287,Storage Box,Office Supplies,East,1,0.2,27.38,4.65
ORD-02373,2025-08-20,CUST-0329,Printer Ink,Office Supplies,North,4,0.1,282.85,63.64
ORD-02374,2025-08-27,CUST-0222,Laptop Pro,Technology,West,4,0.05,3754.59,722.76
ORD-02375,2025-02-17,CUST-0266,Notebook Set,Office Supplies,North,1,0.2,14.43,2.45
ORD-02376,2025-08-04,CUST-0389,Printer Ink,Office Supplies,South,1,0.15,65.97,13.03
ORD-02377,2025-03-21,CUST-0025,Laptop Pro,Technology,West,1,0.0,995.27,218.96
ORD-02378,2025-01-27,CUST-0230,Standing Desk,Furniture,West,2,0.15,764.14,59.22
ORD-02379,2025-07-14,CUST-0172,Desk Lamp,Furniture,North,3,0.0,169.99,27.2
ORD-02380,2025-04-24,CUST-0378,Wireless Headphones,Technology,West,1,0.0,129.54,28.5
ORD-02381,2025-05-04,CUST-0491,Office Chair,Furniture,West,1,0.1,185.68,19.5
ORD-02382,2025-11-08,CUST-0085,Wireless Headphones,Technology,West,2,0.0,254.51,55.99
ORD-02383,2025-07-05,CUST-0321,Desk Lamp,Furniture,South,4,0.2,166.38,8.32
ORD-02384,2025-03-25,CUST-0414,Wireless Headphones,Technology,North,4,0.1,454.31,74.96
ORD-02385,2025-01-16,CUST-0479,Laptop Pro,Technology,East,2,0.2,1496.09,164.57
ORD-02386,2025-05-25,CUST-0056,Desk Lamp,Furniture,West,1,0.0,57.99,9.28
ORD-02387,2025-02-14,CUST-0427,Printer Ink,Office Supplies,North,1,0.05,67.55,17.06
ORD-02388,2025-12-22,CUST-0407,Laptop Pro,Technology,West,2,0.15,1687.36,232.01
ORD-02389,2025-12-31,CUST-0318,Office Chair,Furniture,West,2,0.15,357.69,27.72
ORD-02390,2025-04-27,CUST-0229,Printer Ink,Office Supplies,West,2,0.2,117.62,20.0
ORD-02391,2025-07-13,CUST-0470,Wireless Headphones,Technology,North,2,0.0,221.07,48.64
ORD-02392,2025-02-11,CUST-0034,Laptop Pro,Technology,South,1,0.2,720.99,79.31
ORD-02393,2025-01-10,CUST-0029,Smartphone,Technology,North,3,0.1,1713.41,282.71
ORD-02394,2025-05-08,CUST-0034,Standing Desk,Furniture,East,1,0.1,379.3,39.83
ORD-02395,2025-07-12,CUST-0027,Wireless Headphones,Technology,East,2,0.15,219.06,30.12
ORD-02396,2025-03-19,CUST-0050,Standing Desk,Furniture,West,2,0.1,788.16,82.76
ORD-02397,2025-02-18,CUST-0404,Notebook Set,Office Supplies,North,1,0.15,14.19,2.8
ORD-02398,2025-02-27,CUST-0408,Laptop Pro,Technology,South,1,0.1,812.43,134.05
ORD-02399,2025-11-04,CUST-0052,Notebook Set,Office Supplies,West,2,0.15,32.73,6.46
ORD-02400,2025-06-20,CUST-0401,Desk Lamp,Furniture,East,4,0.2,170.09,8.5
ORD-02401,2025-11-02,CUST-0301,Laptop Pro,Technology,South,1,0.05,846.46,162.94
ORD-02402,2025-04-07,CUST-0305,Office Chair,Furniture,North,3,0.0,652.91,104.47
ORD-02403,2025-10-19,CUST-0464,Wireless Headphones,Technology,East,1,0.0,115.22,25.35
ORD-02404,2025-04-05,CUST-0182,Smartphone,Technology,East,3,0.05,1973.69,379.94
ORD-02405,2025-03-12,CUST-0228,Notebook Set,Office Supplies,South,1,0.15,15.27,3.02
ORD-02406,2025-04-02,CUST-0031,Smartphone,Technology,North,4,0.0,2415.81,531.48
ORD-02407,2025-08-26,CUST-0263,Smartphone,Technology,South,4,0.1,2171.71,358.33
ORD-02408,2025-07-01,CUST-0398,Desk Lamp,Furniture,South,1,0.15,50.18,3.89
ORD-02409,2025-04-30,CUST-0309,Smartphone,Technology,North,2,0.05,1250.77,240.77
ORD-02410,2025-07-17,CUST-0266,Desk Lamp,Furniture,North,1,0.0,53.06,8.49
ORD-02411,2025-12-19,CUST-0420,Smartphone,Technology,North,1,0.15,560.25,77.03
ORD-02412,2025-10-04,CUST-0177,Storage Box,Office Supplies,West,1,0.1,26.88,6.05
ORD-02413,2025-11-19,CUST-0466,Office Chair,Furniture,West,1,0.2,174.3,8.71
ORD-02414,2025-02-24,CUST-0097,Office Chair,Furniture,West,2,0.05,405.72,53.76
ORD-02415,2025-04-19,CUST-0308,Printer Ink,Office Supplies,East,1,0.1,65.37,14.71
ORD-02416,2025-07-17,CUST-0494,Desk Lamp,Furniture,West,1,0.15,44.95,3.48
ORD-02417,2025-03-28,CUST-0169,Desk Lamp,Furniture,East,1,0.1,45.59,4.79
ORD-02418,2025-11-18,CUST-0254,Smartphone,Technology,North,1,0.0,696.63,153.26
ORD-02419,2025-04-28,CUST-0115,Office Chair,Furniture,West,4,0.2,716.41,35.82
ORD-02420,2025-11-11,CUST-0123,Office Chair,Furniture,South,2,0.0,460.29,73.65
ORD-02421,2025-10-10,CUST-0414,Printer Ink,Office Supplies,West,4,0.05,286.56,72.36
ORD-02422,2025-03-03,CUST-0423,Notebook Set,Office Supplies,North,2,0.0,37.43,10.48
ORD-02423,2025-11-21,CUST-0184,Laptop Pro,Technology,South,4,0.0,4023.24,885.11
ORD-02424,2025-09-03,CUST-0149,Laptop Pro,Technology,East,1,0.0,909.98,200.2
ORD-02425,2025-02-08,CUST-0468,Printer Ink,Office Supplies,North,2,0.15,119.28,23.56
ORD-02426,2025-07-16,CUST-0102,Desk Lamp,Furniture,North,3,0.0,164.96,26.39
ORD-02427,2025-08-04,CUST-0454,Office Chair,Furniture,North,2,0.0,420.8,67.33
ORD-02428,2025-11-03,CUST-0434,Standing Desk,Furniture,East,5,0.05,2057.23,272.58
ORD-02429,2025-05-26,CUST-0012,Storage Box,Office Supplies,North,1,0.0,34.51,9.66
ORD-02430,2025-09-25,CUST-0011,Smartphone,Technology,West,1,0.0,636.58,140.05
ORD-02431,2025-12-10,CUST-0174,Smartphone,Technology,South,1,0.0,615.73,135.46
ORD-02432,2025-07-28,CUST-0190,Office Chair,Furniture,South,1,0.0,214.61,34.34
ORD-02433,2025-09-09,CUST-0410,Desk Lamp,Furniture,East,1,0.15,48.86,3.79
ORD-02434,2025-07-07,CUST-0061,Notebook Set,Office Supplies,West,2,0.0,36.08,10.1
ORD-02435,2025-10-10,CUST-0407,Smartphone,Technology,West,1,0.0,633.15,139.29
ORD-02436,2025-05-28,CUST-0356,Office Chair,Furniture,North,1,0.1,188.1,19.75
ORD-02437,2025-04-19,CUST-0326,Desk Lamp,Furniture,South,1,0.1,47.41,4.98
ORD-02438,2025-11-11,CUST-0301,Office Chair,Furniture,West,5,0.15,957.19,74.18
ORD-02439,2025-12-08,CUST-0405,Office Chair,Furniture,West,1,0.05,220.53,29.22
ORD-02440,2025-01-27,CUST-0323,Smartphone,Technology,South,2,0.0,1375.59,302.63
ORD-02441,2025-06-16,CUST-0496,Standing Desk,Furniture,West,1,0.15,360.95,27.97
ORD-02442,2025-03-13,CUST-0402,Printer Ink,Office Supplies,North,3,0.0,240.33,67.29
ORD-02443,2025-06-11,CUST-0034,Printer Ink,Office Supplies,West,4,0.15,250.46,49.47
ORD-02444,2025-02-07,CUST-0385,Smartphone,Technology,South,1,0.2,511.22,56.23
ORD-02445,2025-07-20,CUST-0238,Storage Box,Office Supplies,South,3,0.15,76.7,15.15
ORD-02446,2025-06-28,CUST-0270,Smartphone,Technology,South,1,0.05,622.47,119.83
ORD-02447,2025-08-08,CUST-0243,Printer Ink,Office Supplies,East,3,0.1,215.32,48.45
ORD-02448,2025-07-23,CUST-0472,Standing Desk,Furniture,East,1,0.2,337.4,16.87
ORD-02449,2025-05-30,CUST-0232,Laptop Pro,Technology,North,4,0.0,3662.27,805.7
ORD-02450,2025-06-15,CUST-0218,Office Chair,Furniture,South,4,0.05,775.71,102.78
ORD-02451,2025-03-29,CUST-0131,Notebook Set,Office Supplies,East,1,0.05,16.7,4.22
ORD-02452,2025-07-04,CUST-0152,Storage Box,Office Supplies,North,4,0.0,127.82,35.79
ORD-02453,2025-05-13,CUST-0299,Printer Ink,Office Supplies,South,2,0.0,142.61,39.93
ORD-02454,2025-12-24,CUST-0173,Laptop Pro,Technology,South,2,0.15,1737.72,238.94
ORD-02455,2025-05-26,CUST-0210,Notebook Set,Office Supplies,South,1,0.1,16.06,3.61
ORD-02456,2025-04-18,CUST-0140,Desk Lamp,Furniture,West,1,0.05,54.64,7.24
ORD-02457,2025-11-23,CUST-0120,Notebook Set,Office Supplies,North,3,0.1,44.73,10.06
ORD-02458,2025-09-09,CUST-0462,Standing Desk,Furniture,East,1,0.05,372.73,49.39
ORD-02459,2025-04-29,CUST-0263,Wireless Headphones,Technology,North,1,0.15,94.89,13.05
ORD-02460,2025-02-14,CUST-0475,Storage Box,Office Supplies,East,1,0.05,29.32,7.4
ORD-02461,2025-02-13,CUST-0185,Office Chair,Furniture,North,4,0.0,813.87,130.22
ORD-02462,2025-06-27,CUST-0101,Laptop Pro,Technology,East,2,0.05,1793.54,345.26
ORD-02463,2025-01-03,CUST-0418,Desk Lamp,Furniture,North,3,0.2,135.74,6.79
ORD-02464,2025-02-20,CUST-0071,Standing Desk,Furniture,North,1,0.15,332.38,25.76
ORD-02465,2025-04-03,CUST-0395,Storage Box,Office Supplies,West,5,0.0,152.83,42.79
ORD-02466,2025-09-26,CUST-0401,Standing Desk,Furniture,North,5,0.05,2115.56,280.31
ORD-02467,2025-05-18,CUST-0388,Notebook Set,Office Supplies,West,4,0.15,63.31,12.5
ORD-02468,2025-02-21,CUST-0390,Laptop Pro,Technology,South,3,0.15,2523.4,346.97
ORD-02469,2025-08-07,CUST-0117,Smartphone,Technology,West,2,0.0,1272.27,279.9
ORD-02470,2025-01-24,CUST-0301,Office Chair,Furniture,South,3,0.15,603.77,46.79
ORD-02471,2025-09-16,CUST-0417,Storage Box,Office Supplies,West,2,0.2,49.08,8.34
ORD-02472,2025-06-17,CUST-0161,Printer Ink,Office Supplies,South,5,0.0,364.01,101.92
ORD-02473,2025-02-25,CUST-0214,Office Chair,Furniture,South,2,0.2,348.18,17.41
ORD-02474,2025-11-20,CUST-0016,Office Chair,Furniture,South,3,0.15,591.96,45.88
ORD-02475,2025-06-04,CUST-0157,Desk Lamp,Furniture,North,3,0.0,169.94,27.19
ORD-02476,2025-08-20,CUST-0428,Laptop Pro,Technology,South,1,0.2,706.61,77.73
ORD-02477,2025-09-15,CUST-0218,Desk Lamp,Furniture,South,1,0.1,51.7,5.43
ORD-02478,2025-03-07,CUST-0276,Notebook Set,Office Supplies,West,2,0.2,27.31,4.64
ORD-02479,2025-01-22,CUST-0291,Standing Desk,Furniture,South,4,0.0,1582.44,253.19
ORD-02480,2025-11-19,CUST-0488,Laptop Pro,Technology,West,1,0.0,998.05,219.57
ORD-02481,2025-08-04,CUST-0468,Desk Lamp,Furniture,East,2,0.15,96.39,7.47
ORD-02482,2025-02-08,CUST-0486,Notebook Set,Office Supplies,West,2,0.0,34.42,9.64
ORD-02483,2025-06-30,CUST-0097,Notebook Set,Office Supplies,North,2,0.1,32.97,7.42
ORD-02484,2025-04-30,CUST-0493,Printer Ink,Office Supplies,North,1,0.15,60.24,11.9
ORD-02485,2025-02-09,CUST-0048,Printer Ink,Office Supplies,East,3,0.05,216.08,54.56
ORD-02486,2025-06-22,CUST-0091,Smartphone,Technology,North,1,0.15,550.24,75.66
ORD-02487,2025-01-05,CUST-0251,Laptop Pro,Technology,West,1,0.15,817.75,112.44
ORD-02488,2025-11-23,CUST-0467,Laptop Pro,Technology,North,2,0.0,1921.07,422.64
ORD-02489,2025-12-28,CUST-0150,Notebook Set,Office Supplies,North,2,0.0,36.11,10.11
ORD-02490,2025-07-19,CUST-0189,Storage Box,Office Supplies,North,4,0.0,122.53,34.31
ORD-02491,2025-11-23,CUST-0441,Storage Box,Office Supplies,North,2,0.05,58.95,14.88
ORD-02492,2025-10-24,CUST-0067,Notebook Set,Office Supplies,South,4,0.0,72.05,20.17
ORD-02493,2025-08-14,CUST-0036,Storage Box,Office Supplies,South,1,0.2,25.38,4.31
ORD-02494,2025-07-18,CUST-0067,Notebook Set,Office Supplies,West,4,0.0,76.93,21.54
ORD-02495,2025-11-22,CUST-0341,Office Chair,Furniture,South,2,0.2,340.97,17.05
ORD-02496,2025-08-26,CUST-0481,Printer Ink,Office Supplies,North,3,0.15,185.19,36.58
ORD-02497,2025-08-02,CUST-0367,Standing Desk,Furniture,East,2,0.15,669.9,51.92
ORD-02498,2025-09-09,CUST-0074,Printer Ink,Office Supplies,North,1,0.0,79.01,22.12
ORD-02499,2025-06-14,CUST-0310,Printer Ink,Office Supplies,North,1,0.1,69.08,15.54
ORD-02500,2025-10-05,CUST-0451,Office Chair,Furniture,East,1,0.15,187.86,14.56
ORD-00001,2025-04-13,CUST-0126,Wireless Headphones,Technology,North,2,0.05,244.44,47.05
ORD-00002,2025-04-17,CUST-0347,Office Chair,Furniture,North,5,0.0,1117.36,178.78
ORD-00003,2025-04-13,CUST-0017,Storage Box,Office Supplies,North,1,0.1,27.21,6.12
ORD-00004,2025-11-27,CUST-0259,Laptop Pro,Technology,North,1,0.0,1005.66,221.25
ORD-00005,2025-04-10,CUST-0333,Laptop Pro,Technology,East,5,0.2,3926.51,431.92
